IVSum,ability,altAbility,attack,attackEV,attackIV,date,defense,defenseEV,defenseIV,experience,friendship,hasSpecies,heldItem,hiddenPowerType,hp,hpEV,hpIV,isBadEgg,isEgg,itemName,language,level,magicWord,mail,markings,maxHP,metGame,metLevel,metLocation,metLocationName,move_1,move_1_pp,move_2,move_2_pp,move_3,move_3_pp,move_4,move_4_pp,name,nature,otGender,otId,personality,pokeball,pokerus,pokerusStatus,ppBonuses,shiny,shinyValue,spAttack,spAttackEV,spAttackIV,spDefense,spDefenseEV,spDefenseIV,species,speed,speedEV,speedIV,status,time,type_1,type_2,zeroPadNumber
123,Pickup,0,7,0,27,2024-04-03,8,0,30,27,70,1,0,Poison,16,0,29,0,0,None,2,3,1766738553,268439807,0,16,3,3,17,Route 102,33,35,45,40,0,0,0,0,Zigzagoon,Adamant,0,2192337443,3957465178,4,0,none,0,False,9015,5,0,6,8,0,24,289,8,0,7,0,07:28:05,Normal,None,263
129,Shield Dust,0,9,0,31,2024-04-03,8,0,25,64,70,1,0,Electric,17,0,3,0,0,None,2,4,2276353496,285217279,0,17,3,4,17,Route 102,33,35,81,40,0,0,0,0,Wurmple,Bashful,0,2192337443,84021243,4,0,none,0,False,57974,7,0,20,8,0,29,291,7,0,21,0,07:28:17,Bug,None,265
69,Pickup,0,7,0,29,2024-04-03,7,0,17,27,70,1,0,Dragon,15,0,0,0,0,None,2,3,4257533412,251662335,0,15,3,3,17,Route 102,33,35,45,40,0,0,0,0,Zigzagoon,Brave,0,2192337443,2137565127,4,0,none,0,False,12320,7,0,7,7,0,3,289,7,0,13,0,07:28:30,Normal,None,263
53,Shield Dust,0,9,0,11,2024-04-03,8,0,5,64,70,1,0,Flying,17,0,7,0,0,None,2,4,3135043320,285217279,0,17,3,4,17,Route 102,33,35,81,40,0,0,0,0,Wurmple,Impish,0,2192337443,946904283,4,0,none,0,False,19492,5,0,2,7,0,4,291,7,0,24,0,07:28:43,Bug,None,265
73,Run Away,0,9,0,12,2024-04-03,8,0,21,64,70,1,135,Grass,17,0,22,0,0,Pecha Berry,2,4,3002640017,285217279,0,17,3,4,17,Route 102,33,35,0,0,0,0,0,0,Poochyena,Rash,0,2192337443,810863794,4,0,none,0,False,5225,7,0,12,6,0,1,287,8,0,5,0,07:28:56,Dark,None,261
141,Shield Dust,0,9,0,23,2024-04-03,8,0,12,64,70,1,0,Fire,18,0,25,0,0,None,2,4,575579011,301994751,0,18,3,4,17,Route 102,33,35,81,40,0,0,0,0,Wurmple,Serious,0,2192337443,2699217312,4,0,none,0,False,33229,7,0,30,8,0,31,291,7,0,20,0,07:29:09,Bug,None,265
47,Pickup,0,6,0,6,2024-04-03,9,0,21,64,70,1,0,Grass,17,0,14,0,0,None,2,4,84855218,285217279,0,17,3,4,17,Route 102,33,35,45,40,0,0,0,0,Zigzagoon,Modest,0,2192337443,2275582865,4,0,none,0,False,52412,7,0,0,8,0,1,289,10,0,5,0,07:29:22,Normal,None,263
120,Rain Dish,1,7,0,30,2024-04-03,7,0,26,57,70,1,0,Poison,15,0,9,0,0,None,2,3,3895698090,251662335,0,15,3,3,17,Route 102,310,15,45,40,0,0,0,0,Lotad,Relaxed,0,2192337443,1788856457,4,0,none,0,False,19097,7,0,8,8,0,20,296,6,0,27,0,07:29:35,Water,Grass,270
108,Run Away,0,7,0,22,2024-04-03,7,0,11,27,70,1,0,Psychic,15,0,9,0,0,None,2,3,1440653677,251662335,0,15,3,3,17,Route 102,33,35,0,0,0,0,0,0,Poochyena,Modest,0,2192337443,3614624590,4,0,none,0,False,62643,7,0,31,7,0,19,287,7,0,16,0,07:29:48,Dark,None,261
100,Swift Swim,0,7,0,15,2024-04-03,7,0,7,96,70,1,0,Water,17,0,17,0,0,None,2,4,1794012131,285217279,0,17,3,4,17,Route 102,310,15,45,40,0,0,0,0,Lotad,Bold,0,2192337443,3896646080,4,0,none,0,False,6413,9,0,26,9,0,7,296,8,0,28,0,07:30:03,Water,Grass,270
47,Run Away,0,9,0,2,2024-04-03,8,0,6,64,70,1,0,Ice,17,0,14,0,0,None,2,4,2489800362,285217279,0,17,3,4,17,Route 102,33,35,0,0,0,0,0,0,Poochyena,Relaxed,0,2192337443,382418057,4,0,none,0,False,49869,7,0,1,8,0,23,287,6,0,1,0,07:30:15,Dark,None,261
79,Pickup,0,6,0,4,2024-04-03,7,0,16,27,70,1,0,Steel,15,0,14,0,0,None,2,3,2092943365,251662335,0,15,3,3,17,Route 102,33,35,45,40,0,0,0,0,Zigzagoon,Impish,0,2192337443,4262699558,4,0,none,0,False,46266,6,0,22,8,0,23,289,8,0,0,0,07:30:28,Normal,None,263
102,Run Away,0,9,0,15,2024-04-03,8,0,13,64,70,1,0,Ground,16,0,1,0,0,None,2,4,1166764547,268439807,0,16,3,4,17,Route 102,33,35,0,0,0,0,0,0,Poochyena,Calm,0,2192337443,3341221920,4,0,none,0,False,12168,8,0,28,8,0,28,287,8,0,17,0,07:30:40,Dark,None,261
108,Shield Dust,0,8,0,17,2024-04-03,7,0,16,27,70,1,0,Ice,16,0,12,0,0,None,2,3,3865187236,268439807,0,16,3,3,17,Route 102,33,35,81,40,0,0,0,0,Wurmple,Brave,0,2192337443,1691253127,4,0,none,0,False,62918,6,0,23,7,0,21,291,5,0,19,0,07:30:53,Bug,None,265
86,Shield Dust,0,8,0,17,2024-04-03,6,0,27,27,70,1,0,Psychic,15,0,2,0,0,None,2,3,2994912208,251662335,0,15,3,3,17,Route 102,33,35,81,40,0,0,0,0,Wurmple,Gentle,0,2192337443,808374771,4,0,none,0,False,2386,6,0,13,7,0,23,291,6,0,4,0,07:31:06,Bug,None,265
110,Shield Dust,0,9,0,28,2024-04-03,7,0,12,64,70,1,0,Bug,17,0,6,0,0,None,2,4,3869181981,285217279,0,17,3,4,17,Route 102,33,35,81,40,0,0,0,0,Wurmple,Hasty,0,2192337443,1681089086,4,0,none,0,False,61058,7,0,11,8,0,24,291,7,0,29,0,07:31:18,Bug,None,265
77,Shield Dust,0,8,0,24,2024-04-03,6,0,4,27,70,1,0,Flying,16,0,16,0,0,None,2,3,1521399545,268439807,0,16,3,3,17,Route 102,33,35,81,40,0,0,0,0,Wurmple,Mild,0,2192337443,3624066266,4,0,none,0,False,60503,6,0,4,7,0,28,291,6,0,1,0,07:31:30,Bug,None,265
88,Shield Dust,0,8,0,18,2024-04-03,7,0,4,27,70,1,0,Ice,16,0,25,0,0,None,2,3,2999432874,268439807,0,16,3,3,17,Route 102,33,35,81,40,0,0,0,0,Wurmple,Brave,0,2192337443,812375177,4,0,none,0,False,1133,6,0,25,6,0,1,291,5,0,15,0,07:31:45,Bug,None,265
87,Pickup,0,7,0,14,2024-04-03,8,0,29,27,70,1,0,Ground,15,0,5,0,0,None,2,3,1273329788,251662335,0,15,3,3,17,Route 102,33,35,45,40,0,0,0,0,Zigzagoon,Sassy,0,2192337443,3377009247,4,0,none,0,False,13209,7,0,14,7,0,0,289,8,0,25,0,07:32:03,Normal,None,263
67,Run Away,0,9,0,7,2024-04-03,7,0,6,64,70,1,135,Poison,17,0,13,0,0,Pecha Berry,2,4,1827489897,285217279,0,17,3,4,17,Route 102,33,35,0,0,0,0,0,0,Poochyena,Lonely,0,2192337443,3997246026,4,0,none,0,False,9348,8,0,22,7,0,2,287,8,0,17,0,07:32:16,Dark,None,261
91,Shield Dust,0,8,0,15,2024-04-03,6,0,2,27,70,1,0,Electric,16,0,12,0,0,None,2,3,1638364242,268439807,0,16,3,3,17,Route 102,33,35,81,40,0,0,0,0,Wurmple,Gentle,0,2192337443,3809156721,4,0,none,0,False,5621,7,0,31,7,0,9,291,6,0,22,0,07:32:29,Bug,None,265
108,Chlorophyll,0,8,0,23,2024-04-03,8,0,17,57,70,1,0,Steel,16,0,20,0,0,None,2,3,1766629339,268439807,0,16,3,3,17,Route 102,117,10,106,30,0,0,0,0,Seedot,Quiet,0,2192337443,3957388792,4,0,none,0,False,63127,7,0,31,6,0,2,299,6,0,15,0,07:32:41,Grass,None,273
77,Shield Dust,0,8,0,26,2024-04-03,7,0,25,27,70,1,0,Ground,15,0,3,0,0,None,2,3,2854115202,251662335,0,15,3,3,17,Route 102,33,35,81,40,0,0,0,0,Wurmple,Hardy,0,2192337443,682769825,4,0,none,0,False,64924,6,0,14,7,0,8,291,6,0,1,0,07:32:53,Bug,None,265
100,Trace,1,8,0,29,2024-04-03,7,0,12,80,35,1,0,Ghost,16,0,15,0,0,None,2,4,2576540472,268439807,0,16,3,4,17,Route 102,45,40,0,0,0,0,0,0,Ralts,Jolly,0,2192337443,457083163,4,0,none,0,False,31402,8,0,17,8,0,12,393,8,0,15,0,07:33:06,Psychic,None,280
110,Swift Swim,0,8,0,27,2024-04-03,8,0,15,96,70,1,0,Steel,18,0,20,0,0,None,2,4,1606229687,301994751,0,18,3,4,17,Route 102,310,15,45,40,0,0,0,0,Lotad,Quiet,0,2192337443,3708908692,4,0,none,0,False,16650,8,0,17,9,0,14,296,7,0,17,0,07:33:20,Water,Grass,270
88,Swift Swim,0,8,0,26,2024-04-03,8,0,30,96,70,1,0,Steel,17,0,3,0,0,None,2,4,1900432303,285217279,0,17,3,4,17,Route 102,310,15,45,40,0,0,0,0,Lotad,Hardy,0,2192337443,4092207500,4,0,none,0,False,15081,8,0,18,9,0,1,296,7,0,10,0,07:33:34,Water,Grass,270
95,Pickup,0,7,0,20,2024-04-03,7,0,7,27,70,1,0,Grass,15,0,8,0,0,None,2,3,3583990226,251662335,0,15,3,3,17,Route 102,33,35,45,40,0,0,0,0,Zigzagoon,Hardy,0,2192337443,1462973425,4,0,none,0,False,35917,7,0,30,7,0,7,289,9,0,23,0,07:33:47,Normal,None,263
113,Swift Swim,0,7,0,26,2024-04-03,6,0,21,57,70,1,0,Ghost,15,0,10,0,0,None,2,3,1538644325,251662335,0,15,3,3,17,Route 102,310,15,45,40,0,0,0,0,Lotad,Mild,0,2192337443,3642340166,4,0,none,0,False,33488,8,0,27,8,0,26,296,6,0,3,0,07:33:59,Water,Grass,270
49,Rain Dish,1,6,0,4,2024-04-03,5,0,4,57,70,1,0,Electric,15,0,17,0,0,None,2,3,3810381660,251662335,0,15,3,3,17,Route 102,310,15,45,40,0,0,0,0,Lotad,Mild,0,2192337443,1639032191,4,0,none,0,False,11329,7,0,19,8,0,3,296,6,0,2,0,07:34:12,Water,Grass,270
109,Run Away,0,7,0,13,2024-04-03,7,0,14,27,70,1,0,Rock,15,0,25,0,0,None,2,3,1688866195,251662335,0,15,3,3,17,Route 102,33,35,0,0,0,0,0,0,Poochyena,Modest,0,2192337443,3859179440,4,0,none,0,False,26937,7,0,17,7,0,18,287,7,0,22,0,07:34:26,Dark,None,261
119,Shield Dust,0,8,0,28,2024-04-03,7,0,18,27,70,1,0,Ground,16,0,30,0,0,None,2,3,1846665731,268439807,0,16,3,3,17,Route 102,33,35,81,40,0,0,0,0,Wurmple,Adamant,0,2192337443,3971844128,4,0,none,0,False,35858,5,0,25,7,0,18,291,6,0,0,0,07:34:39,Bug,None,265
121,Run Away,0,10,0,26,2024-04-03,7,0,23,64,70,1,0,Psychic,17,0,22,0,0,None,2,4,662645682,285217279,0,17,3,4,17,Route 102,33,35,0,0,0,0,0,0,Poochyena,Gentle,0,2192337443,2782085521,4,0,none,0,False,3277,7,0,9,8,0,25,287,8,0,16,0,07:34:53,Dark,None,261
110,Swift Swim,0,6,0,5,2024-04-03,8,0,25,96,70,1,0,Grass,17,0,18,0,0,None,2,4,4214385055,285217279,0,17,3,4,17,Route 102,310,15,45,40,0,0,0,0,Lotad,Bold,0,2192337443,2040398780,4,0,none,0,False,37549,8,0,16,9,0,17,296,8,0,29,0,07:35:06,Water,Grass,270
126,Run Away,0,8,0,23,2024-04-03,8,0,31,27,70,1,0,Ground,15,0,3,0,0,None,2,3,3170549114,251662335,0,15,3,3,17,Route 102,33,35,0,0,0,0,0,0,Poochyena,Quiet,0,2192337443,1045878617,4,0,none,0,False,384,7,0,30,7,0,18,287,6,0,21,0,07:35:18,Dark,None,261
81,Run Away,0,8,0,9,2024-04-03,6,0,12,27,70,1,0,Electric,15,0,4,0,0,None,2,3,2342071781,251662335,0,15,3,3,17,Route 102,33,35,0,0,0,0,0,0,Poochyena,Lonely,0,2192337443,154486726,4,0,none,0,False,42620,6,0,3,7,0,31,287,7,0,22,0,07:35:30,Dark,None,261
138,Swift Swim,0,8,0,30,2024-04-03,7,0,2,96,70,1,0,Fighting,18,0,26,0,0,None,2,4,3644423123,301994751,0,18,3,4,17,Route 102,310,15,45,40,0,0,0,0,Lotad,Serious,0,2192337443,1536496112,4,0,none,0,False,41706,9,0,28,10,0,28,296,8,0,24,0,07:35:43,Water,Grass,270
115,Pickup,0,7,0,31,2024-04-03,7,0,17,27,70,1,0,Dragon,15,0,18,0,0,None,2,3,979611105,251662335,0,15,3,3,17,Route 102,33,35,45,40,0,0,0,0,Zigzagoon,Lax,0,2192337443,3100624834,4,0,none,0,False,38786,7,0,13,6,0,7,289,9,0,29,0,07:35:55,Normal,None,263
125,Synchronize,0,7,0,18,2024-04-03,6,0,15,80,35,1,0,Fire,17,0,31,0,0,None,2,4,2604245557,285217279,0,17,3,4,17,Route 102,45,40,0,0,0,0,0,0,Ralts,Hasty,0,2192337443,429246486,4,0,none,0,False,14604,8,0,6,8,0,29,393,9,0,26,0,07:36:07,Psychic,None,280
72,Pickup,0,6,0,1,2024-04-03,8,0,21,27,70,1,0,Grass,15,0,0,0,0,None,2,3,1396813526,251662335,0,15,3,3,17,Route 102,33,35,45,40,0,0,0,0,Zigzagoon,Sassy,0,2192337443,3522020597,4,0,none,0,False,64919,7,0,8,8,0,23,289,8,0,19,0,07:36:20,Normal,None,263
64,Run Away,0,8,0,5,2024-04-03,7,0,19,27,70,1,0,Grass,15,0,12,0,0,None,2,3,3050285178,251662335,0,15,3,3,17,Route 102,33,35,0,0,0,0,0,0,Poochyena,Sassy,0,2192337443,929284697,4,0,none,0,False,7605,7,0,8,6,0,1,287,6,0,19,0,07:36:33,Dark,None,261
95,Run Away,0,8,0,9,2024-04-03,7,0,27,27,70,1,0,Flying,15,0,25,0,0,None,2,3,3201040436,251662335,0,15,3,3,17,Route 102,33,35,0,0,0,0,0,0,Poochyena,Hardy,0,2192337443,1012951575,4,0,none,0,False,48888,7,0,8,7,0,10,287,7,0,16,0,07:36:45,Dark,None,261
80,Run Away,0,8,0,18,2024-04-03,7,0,9,27,70,1,0,Dragon,15,0,10,0,0,None,2,3,4102905434,251662335,0,15,3,3,17,Route 102,33,35,0,0,0,0,0,0,Poochyena,Lax,0,2192337443,1981887609,4,0,none,0,False,43735,6,0,1,6,0,13,287,7,0,29,0,07:36:59,Dark,None,261
90,Run Away,0,9,0,17,2024-04-03,8,0,5,64,70,1,0,Dark,17,0,29,0,0,None,2,4,1195210050,285217279,0,17,3,4,17,Route 102,33,35,0,0,0,0,0,0,Poochyena,Bold,0,2192337443,3314622305,4,0,none,0,False,12927,7,0,3,8,0,25,287,8,0,11,0,07:37:12,Dark,None,261
82,Rain Dish,1,6,0,6,2024-04-03,6,0,3,57,70,1,0,Dragon,15,0,6,0,0,None,2,3,3361828482,251662335,0,15,3,3,17,Route 102,310,15,45,40,0,0,0,0,Lotad,Quirky,0,2192337443,1254950049,4,0,none,0,False,42723,8,0,21,8,0,15,296,7,0,31,0,07:37:25,Water,Grass,270
100,Rain Dish,1,8,0,25,2024-04-03,7,0,2,96,70,1,0,Grass,18,0,23,0,0,None,2,4,941509852,301994751,0,18,3,4,17,Route 102,310,15,45,40,0,0,0,0,Lotad,Quiet,0,2192337443,3132237567,4,0,none,0,False,29890,9,0,28,9,0,3,296,7,0,19,0,07:37:38,Water,Grass,270
72,Swift Swim,0,6,0,7,2024-04-03,7,0,7,57,70,1,0,Psychic,15,0,10,0,0,None,2,3,1501765223,251662335,0,15,3,3,17,Route 102,310,15,45,40,0,0,0,0,Lotad,Timid,0,2192337443,3677320260,4,0,none,0,False,18404,7,0,11,8,0,31,296,6,0,6,0,07:37:50,Water,Grass,270
88,Swift Swim,0,7,0,12,2024-04-03,7,0,2,96,70,1,0,Ice,18,0,23,0,0,None,2,4,1533212215,301994751,0,18,3,4,17,Route 102,310,15,45,40,0,0,0,0,Lotad,Rash,0,2192337443,3654196244,4,0,none,0,False,44373,8,0,17,8,0,13,296,8,0,21,0,07:38:06,Water,Grass,270
146,Rain Dish,1,7,0,15,2024-04-03,7,0,26,57,70,1,0,Fire,16,0,24,0,0,None,2,3,1910355152,268439807,0,16,3,3,17,Route 102,310,15,45,40,0,0,0,0,Lotad,Docile,0,2192337443,4084326131,4,0,none,0,False,50445,8,0,30,8,0,27,296,7,0,24,0,07:38:18,Water,Grass,270
62,Swift Swim,0,7,0,0,2024-04-03,7,0,9,96,70,1,0,Flying,18,0,27,0,0,None,2,4,3977747025,301994751,0,18,3,4,17,Route 102,310,15,45,40,0,0,0,0,Lotad,Serious,0,2192337443,1874587762,4,0,none,0,False,30534,9,0,20,9,0,2,296,7,0,4,0,07:38:33,Water,Grass,270
60,Shield Dust,0,7,0,2,2024-04-03,7,0,2,27,70,1,0,Poison,16,0,31,0,0,None,2,3,1428465391,268439807,0,16,3,3,17,Route 102,33,35,81,40,0,0,0,0,Wurmple,Naive,0,2192337443,3616066764,4,0,none,0,False,62411,6,0,6,5,0,0,291,6,0,19,0,07:38:49,Bug,None,265
95,Shield Dust,0,7,0,31,2024-04-03,7,0,24,27,70,1,0,Electric,15,0,8,0,0,None,2,3,4052616870,251662335,0,15,3,3,17,Route 102,33,35,81,40,0,0,0,0,Wurmple,Calm,0,2192337443,1931635845,4,0,none,0,False,63272,6,0,3,6,0,1,291,7,0,28,0,07:39:04,Bug,None,265
71,Pickup,0,7,0,15,2024-04-03,8,0,26,27,70,1,139,Dragon,15,0,17,0,0,Oran Berry,2,3,110070181,251662335,0,15,3,3,17,Route 102,33,35,45,40,0,0,0,0,Zigzagoon,Bashful,0,2192337443,2216944518,4,0,none,0,False,36650,6,0,5,7,0,5,289,8,0,3,0,07:39:16,Normal,None,263
59,Shield Dust,0,7,0,0,2024-04-03,7,0,4,27,70,1,0,Ground,16,0,10,0,0,None,2,3,927528354,268439807,0,16,3,3,17,Route 102,33,35,81,40,0,0,0,0,Wurmple,Serious,0,2192337443,3051659137,4,0,none,0,False,49898,6,0,13,7,0,24,291,6,0,8,0,07:39:30,Bug,None,265
61,Rain Dish,1,7,0,7,2024-04-03,7,0,20,57,70,1,0,Poison,15,0,9,0,0,None,2,3,1444274348,251662335,0,15,3,3,17,Route 102,310,15,45,40,0,0,0,0,Lotad,Careful,0,2192337443,3568929423,4,0,none,0,False,46777,6,0,10,8,0,0,296,7,0,15,0,07:39:42,Water,Grass,270
130,Swift Swim,0,7,0,23,2024-04-03,7,0,22,57,70,1,0,Fire,16,0,30,0,0,None,2,3,716968883,268439807,0,16,3,3,17,Route 102,310,15,45,40,0,0,0,0,Lotad,Lax,0,2192337443,2819651984,4,0,none,0,False,14607,7,0,14,7,0,23,296,7,0,18,0,07:39:54,Water,Grass,270
82,Shield Dust,0,7,0,1,2024-04-03,7,0,18,27,70,1,0,Grass,16,0,31,0,0,None,2,3,1533363417,268439807,0,16,3,3,17,Route 102,33,35,81,40,0,0,0,0,Wurmple,Lax,0,2192337443,3653840634,4,0,none,0,False,8124,6,0,0,6,0,15,291,6,0,17,0,07:40:06,Bug,None,265
103,Run Away,0,8,0,8,2024-04-03,6,0,27,27,70,1,0,Ground,15,0,23,0,0,None,2,3,1291641205,251662335,0,15,3,3,17,Route 102,33,35,0,0,0,0,0,0,Poochyena,Gentle,0,2192337443,3461385046,4,0,none,0,False,44425,7,0,20,7,0,12,287,7,0,13,0,07:40:20,Dark,None,261
42,Shield Dust,0,6,0,6,2024-04-03,7,0,3,27,70,1,0,Dragon,15,0,2,0,0,None,2,3,3252915601,251662335,0,15,3,3,17,Route 102,33,35,81,40,0,0,0,0,Wurmple,Bold,0,2192337443,1129310130,4,0,none,0,False,19570,6,0,3,7,0,15,291,6,0,13,0,07:40:32,Bug,None,265
88,Pickup,0,7,0,12,2024-04-03,8,0,18,27,70,1,0,Ice,15,0,17,0,0,None,2,3,3800788720,251662335,0,15,3,3,17,Route 102,33,35,45,40,0,0,0,0,Zigzagoon,Hardy,0,2192337443,1613169875,4,0,none,0,False,35963,7,0,7,8,0,31,289,8,0,3,0,07:40:46,Normal,None,263
150,Pickup,0,7,0,13,2024-04-03,9,0,26,64,70,1,0,Rock,18,0,30,0,0,None,2,4,2973705239,301994751,0,18,3,4,17,Route 102,33,35,45,40,0,0,0,0,Zigzagoon,Adamant,0,2192337443,865291828,4,0,none,0,False,38184,7,0,31,9,0,28,289,10,0,22,0,07:40:59,Normal,None,263
113,Shield Dust,0,9,0,30,2024-04-03,7,0,16,64,70,1,0,Flying,18,0,20,0,0,None,2,4,3113882344,301994751,0,18,3,4,17,Route 102,33,35,81,40,0,0,0,0,Wurmple,Hasty,0,2192337443,993425611,4,0,none,0,False,43890,7,0,22,7,0,2,291,7,0,23,0,07:41:12,Bug,None,265
100,Swift Swim,0,7,0,2,2024-04-03,7,0,29,96,70,1,0,Dragon,18,0,20,0,0,None,2,4,725894189,301994751,0,18,3,4,17,Route 102,310,15,45,40,0,0,0,0,Lotad,Gentle,0,2192337443,2850565646,4,0,none,0,False,28521,9,0,31,9,0,3,296,8,0,15,0,07:41:26,Water,Grass,270
83,Run Away,0,8,0,11,2024-04-03,7,0,25,27,70,1,0,Flying,15,0,19,0,0,None,2,3,2052455750,251662335,0,15,3,3,17,Route 102,33,35,0,0,0,0,0,0,Poochyena,Naive,0,2192337443,4177106789,4,0,none,0,False,34579,6,0,0,6,0,10,287,7,0,18,0,07:41:38,Dark,None,261
75,Shield Dust,0,7,0,13,2024-04-03,7,0,24,27,70,1,0,Electric,16,0,26,0,0,None,2,3,1774479923,268439807,0,16,3,3,17,Route 102,33,35,81,40,0,0,0,0,Wurmple,Calm,0,2192337443,3949461520,4,0,none,0,False,1015,6,0,3,6,0,5,291,6,0,4,0,07:41:51,Bug,None,265
110,Pickup,0,6,0,0,2024-04-03,8,0,18,27,70,1,0,Electric,15,0,14,0,0,None,2,3,3121799801,251662335,0,15,3,3,17,Route 102,33,35,45,40,0,0,0,0,Zigzagoon,Quiet,0,2192337443,952010842,4,0,none,0,False,22635,7,0,29,8,0,25,289,8,0,24,0,07:42:03,Normal,None,263
104,Shield Dust,0,8,0,7,2024-04-03,7,0,15,64,70,1,0,Water,18,0,17,0,0,None,2,4,4172945733,301994751,0,18,3,4,17,Route 102,33,35,81,40,0,0,0,0,Wurmple,Hasty,0,2192337443,2048291686,4,0,none,0,False,57855,7,0,28,8,0,29,291,6,0,8,0,07:42:15,Bug,None,265
74,Pickup,0,7,0,12,2024-04-03,7,0,6,27,70,1,0,Ice,15,0,9,0,0,None,2,3,1466569703,251662335,0,15,3,3,17,Route 102,33,35,45,40,0,0,0,0,Zigzagoon,Impish,0,2192337443,3586554308,4,0,none,0,False,17549,6,0,9,7,0,7,289,9,0,31,0,07:42:29,Normal,None,263
83,Pickup,0,7,0,13,2024-04-03,7,0,13,27,70,1,0,Electric,15,0,17,0,0,None,2,3,3721390488,251662335,0,15,3,3,17,Route 102,33,35,45,40,0,0,0,0,Zigzagoon,Relaxed,0,2192337443,1600357307,4,0,none,0,False,13399,7,0,22,7,0,17,289,7,0,1,0,07:42:44,Normal,None,263
107,Shield Dust,0,8,0,16,2024-04-03,6,0,19,27,70,1,0,Ground,16,0,31,0,0,None,2,3,1271047646,268439807,0,16,3,3,17,Route 102,33,35,81,40,0,0,0,0,Wurmple,Gentle,0,2192337443,3379482621,4,0,none,0,False,60956,6,0,8,7,0,12,291,6,0,21,0,07:42:57,Bug,None,265
104,Run Away,0,8,0,6,2024-04-03,7,0,19,27,70,1,0,Poison,15,0,18,0,0,None,2,3,676222194,251662335,0,15,3,3,17,Route 102,33,35,0,0,0,0,0,0,Poochyena,Serious,0,2192337443,2866953937,4,0,none,0,False,31932,7,0,24,7,0,26,287,7,0,11,0,07:43:09,Dark,None,261
117,Pickup,0,7,0,12,2024-04-03,7,0,22,27,70,1,0,Flying,16,0,28,0,0,None,2,3,1600517470,268439807,0,16,3,3,17,Route 102,33,35,45,40,0,0,0,0,Zigzagoon,Lonely,0,2192337443,3720978301,4,0,none,0,False,43579,7,0,20,8,0,22,289,8,0,13,0,07:43:22,Normal,None,263
125,Run Away,0,10,0,27,2024-04-03,8,0,19,64,70,1,0,Electric,17,0,21,0,0,None,2,4,1849648122,285217279,0,17,3,4,17,Route 102,33,35,0,0,0,0,0,0,Poochyena,Naive,0,2192337443,3969059289,4,0,none,0,False,3525,7,0,6,7,0,31,287,8,0,21,0,07:43:34,Dark,None,261
72,Swift Swim,0,7,0,3,2024-04-03,8,0,18,96,70,1,0,Poison,17,0,12,0,0,None,2,4,502275111,285217279,0,17,3,4,17,Route 102,310,15,45,40,0,0,0,0,Lotad,Bashful,0,2192337443,2673636868,4,0,none,0,False,471,8,0,18,9,0,12,296,7,0,9,0,07:43:48,Water,Grass,270
92,Shield Dust,0,9,0,16,2024-04-03,8,0,5,64,70,1,0,Fire,17,0,6,0,0,None,2,4,92853598,285217279,0,17,3,4,17,Route 102,33,35,81,40,0,0,0,0,Wurmple,Brave,0,2192337443,2267332477,4,0,none,0,False,53462,7,0,26,8,0,23,291,6,0,16,0,07:44:00,Bug,None,265
69,Run Away,0,9,0,6,2024-04-03,7,0,2,64,70,1,0,Bug,17,0,25,0,0,None,2,4,791220024,285217279,0,17,3,4,17,Route 102,33,35,0,0,0,0,0,0,Poochyena,Naive,0,2192337443,2911200539,4,0,none,0,False,8209,8,0,17,6,0,0,287,8,0,19,0,07:44:15,Dark,None,261
83,Pickup,0,7,0,12,2024-04-03,9,0,25,64,70,1,0,Ghost,17,0,12,0,0,None,2,4,3723814581,285217279,0,17,3,4,17,Route 102,33,35,45,40,0,0,0,0,Zigzagoon,Adamant,0,2192337443,1599638678,4,0,none,0,False,15169,7,0,23,8,0,6,289,10,0,5,0,07:44:29,Normal,None,263
112,Swift Swim,0,7,0,24,2024-04-03,7,0,19,57,70,1,0,Psychic,16,0,31,0,0,None,2,3,3344826275,268439807,0,16,3,3,17,Route 102,310,15,45,40,0,0,0,0,Lotad,Brave,0,2192337443,1173460352,4,0,none,0,False,14590,7,0,13,8,0,17,296,6,0,8,0,07:44:42,Water,Grass,270
96,Swift Swim,0,7,0,27,2024-04-03,5,0,3,57,70,1,0,Water,16,0,29,0,0,None,2,3,2185041677,268439807,0,16,3,3,17,Route 102,310,15,45,40,0,0,0,0,Lotad,Mild,0,2192337443,9534766,4,0,none,0,False,38192,7,0,2,8,0,11,296,7,0,24,0,07:44:56,Water,Grass,270
116,Swift Swim,0,8,0,18,2024-04-03,6,0,10,96,70,1,0,Water,18,0,24,0,0,None,2,4,2411001503,301994751,0,18,3,4,17,Route 102,310,15,45,40,0,0,0,0,Lotad,Gentle,0,2192337443,219716796,4,0,none,0,False,31019,9,0,28,11,0,25,296,7,0,11,0,07:45:09,Water,Grass,270
56,Rain Dish,1,6,0,4,2024-04-03,6,0,0,57,70,1,0,Ice,16,0,21,0,0,None,2,3,1472567380,268439807,0,16,3,3,17,Route 102,310,15,45,40,0,0,0,0,Lotad,Lax,0,2192337443,3580490359,4,0,none,0,False,53137,7,0,3,7,0,13,296,7,0,15,0,07:45:24,Water,Grass,270
30,Shield Dust,0,8,0,3,2024-04-03,8,0,14,64,70,1,0,Ghost,17,0,3,0,0,None,2,4,1190299968,285217279,0,17,3,4,17,Route 102,33,35,81,40,0,0,0,0,Wurmple,Docile,0,2192337443,3294552931,4,0,none,0,False,53170,6,0,3,7,0,2,291,6,0,5,0,07:45:37,Bug,None,265
97,Pickup,0,5,0,5,2024-04-03,7,0,12,27,70,1,0,Rock,15,0,15,0,0,None,2,3,2813633186,251662335,0,15,3,3,17,Route 102,33,35,45,40,0,0,0,0,Zigzagoon,Timid,0,2192337443,622381185,4,0,none,0,False,1302,7,0,27,8,0,22,289,9,0,16,0,07:45:51,Normal,None,263
75,Rain Dish,1,7,0,28,2024-04-03,6,0,2,57,70,1,0,Ice,16,0,22,0,0,None,2,3,3389034776,268439807,0,16,3,3,17,Route 102,310,15,45,40,0,0,0,0,Lotad,Lax,0,2192337443,1219296059,4,0,none,0,False,23320,7,0,15,7,0,5,296,6,0,3,0,07:46:08,Water,Grass,270
105,Trace,1,8,0,30,2024-04-03,7,0,20,80,35,1,0,Bug,16,0,5,0,0,None,2,4,3923328266,268439807,0,16,3,4,17,Route 102,45,40,0,0,0,0,0,0,Ralts,Serious,0,2192337443,1802852137,4,0,none,0,False,54483,9,0,17,8,0,20,393,8,0,13,0,07:46:22,Psychic,None,280
98,Rain Dish,1,8,0,19,2024-04-03,7,0,21,96,70,1,0,Bug,17,0,13,0,0,None,2,4,3531797120,285217279,0,17,3,4,17,Route 102,310,15,45,40,0,0,0,0,Lotad,Hasty,0,2192337443,1345231011,4,0,none,0,False,8194,8,0,1,9,0,24,296,8,0,20,0,07:46:36,Water,Grass,270
124,Run Away,0,9,0,28,2024-04-03,7,0,14,27,70,1,0,Ice,16,0,31,0,0,None,2,3,3217421471,268439807,0,16,3,3,17,Route 102,33,35,0,0,0,0,0,0,Poochyena,Quiet,0,2192337443,1030332092,4,0,none,0,False,19290,7,0,21,7,0,27,287,6,0,3,0,07:46:48,Dark,None,261
120,Shield Dust,0,9,0,30,2024-04-03,8,0,28,64,70,1,0,Fighting,18,0,12,0,0,None,2,4,3340036233,301994751,0,18,3,4,17,Route 102,33,35,81,40,0,0,0,0,Wurmple,Adamant,0,2192337443,1169719978,4,0,none,0,False,12189,6,0,12,8,0,16,291,7,0,22,0,07:47:03,Bug,None,265
76,Swift Swim,0,6,0,2,2024-04-03,8,0,30,96,70,1,0,Electric,17,0,10,0,0,None,2,4,2188830315,285217279,0,17,3,4,17,Route 102,310,15,45,40,0,0,0,0,Lotad,Timid,0,2192337443,14322760,4,0,none,0,False,25629,8,0,17,9,0,1,296,8,0,16,0,07:47:16,Water,Grass,270
113,Run Away,0,8,0,5,2024-04-03,7,0,28,27,70,1,0,Electric,15,0,28,0,0,None,2,3,2701527999,251662335,0,15,3,3,17,Route 102,33,35,0,0,0,0,0,0,Poochyena,Bashful,0,2192337443,598368668,4,0,none,0,False,43705,7,0,23,7,0,19,287,7,0,10,0,07:47:29,Dark,None,261
116,Rain Dish,1,7,0,17,2024-04-03,7,0,23,57,70,1,0,Water,15,0,17,0,0,None,2,3,3046498926,251662335,0,15,3,3,17,Route 102,310,15,45,40,0,0,0,0,Lotad,Hardy,0,2192337443,926517325,4,0,none,0,False,22523,8,0,28,8,0,21,296,7,0,10,0,07:47:43,Water,Grass,270
88,Shield Dust,0,9,0,31,2024-04-03,8,0,15,64,70,1,0,Water,17,0,3,0,0,None,2,4,3577049048,285217279,0,17,3,4,17,Route 102,33,35,81,40,0,0,0,0,Wurmple,Docile,0,2192337443,1469646331,4,0,none,0,False,47853,7,0,10,8,0,29,291,6,0,0,0,07:47:57,Bug,None,265
75,Run Away,0,8,0,22,2024-04-03,6,0,3,27,70,1,0,Ghost,15,0,4,0,0,None,2,3,3349070177,251662335,0,15,3,3,17,Route 102,33,35,0,0,0,0,0,0,Poochyena,Gentle,0,2192337443,1160948546,4,0,none,0,False,1791,7,0,21,7,0,18,287,7,0,7,0,07:48:12,Dark,None,261
108,Run Away,0,9,0,22,2024-04-03,8,0,28,64,70,1,0,Poison,16,0,3,0,0,None,2,4,430393788,268439807,0,16,3,4,17,Route 102,33,35,0,0,0,0,0,0,Poochyena,Calm,0,2192337443,2601198495,4,0,none,0,False,20507,8,0,22,8,0,20,287,8,0,13,0,07:48:27,Dark,None,261
95,Rain Dish,1,6,0,6,2024-04-03,7,0,12,57,70,1,0,Flying,15,0,12,0,0,None,2,3,3944803956,251662335,0,15,3,3,17,Route 102,310,15,45,40,0,0,0,0,Lotad,Quirky,0,2192337443,1770816599,4,0,none,0,False,1364,8,0,24,8,0,28,296,7,0,13,0,07:48:41,Water,Grass,270
67,Swift Swim,0,7,0,9,2024-04-03,6,0,5,57,70,1,0,Water,15,0,14,0,0,None,2,3,796782439,251662335,0,15,3,3,17,Route 102,310,15,45,40,0,0,0,0,Lotad,Impish,0,2192337443,2916189508,4,0,none,0,False,49178,7,0,30,8,0,9,296,6,0,0,0,07:48:56,Water,Grass,270
75,Shield Dust,0,9,0,13,2024-04-03,8,0,15,64,70,1,0,Electric,17,0,1,0,0,None,2,4,3521674912,285217279,0,17,3,4,17,Route 102,33,35,81,40,0,0,0,0,Wurmple,Brave,0,2192337443,1396970627,4,0,none,0,False,44872,7,0,28,7,0,5,291,6,0,13,0,07:49:10,Bug,None,265
78,Pickup,0,7,0,8,2024-04-03,6,0,3,27,70,1,0,Psychic,15,0,13,0,0,None,2,3,1017919281,251662335,0,15,3,3,17,Route 102,33,35,45,40,0,0,0,0,Zigzagoon,Mild,0,2192337443,3187694866,4,0,none,0,False,2973,7,0,19,8,0,25,289,8,0,10,0,07:49:23,Normal,None,263
110,Shield Dust,0,8,0,20,2024-04-03,7,0,18,27,70,1,0,Fighting,16,0,30,0,0,None,2,3,4292970320,268439807,0,16,3,3,17,Route 102,33,35,81,40,0,0,0,0,Wurmple,Lax,0,2192337443,2102259059,4,0,none,0,False,30897,6,0,2,6,0,16,291,6,0,24,0,07:49:36,Bug,None,265
86,Shield Dust,0,8,0,31,2024-04-03,7,0,12,27,70,1,0,Poison,16,0,30,0,0,None,2,3,85919837,268439807,0,16,3,3,17,Route 102,33,35,81,40,0,0,0,0,Wurmple,Bashful,0,2192337443,2276680318,4,0,none,0,False,3394,6,0,6,6,0,6,291,6,0,1,0,07:49:50,Bug,None,265
128,Run Away,0,8,0,14,2024-04-03,7,0,19,27,70,1,0,Grass,15,0,25,0,0,None,2,3,3814769393,251662335,0,15,3,3,17,Route 102,33,35,0,0,0,0,0,0,Poochyena,Naive,0,2192337443,1640802514,4,0,none,0,False,8593,7,0,28,6,0,15,287,7,0,27,0,07:50:02,Dark,None,261
61,Swift Swim,0,8,0,17,2024-04-03,7,0,7,96,70,1,0,Steel,17,0,3,0,0,None,2,4,645035257,285217279,0,17,3,4,17,Route 102,310,15,45,40,0,0,0,0,Lotad,Naive,0,2192337443,2766020314,4,0,none,0,False,21131,8,0,17,8,0,2,296,8,0,15,0,07:50:15,Water,Grass,270
113,Shield Dust,0,8,0,13,2024-04-03,7,0,23,27,70,1,0,Bug,16,0,10,0,0,None,2,3,788690145,268439807,0,16,3,3,17,Route 102,33,35,81,40,0,0,0,0,Wurmple,Docile,0,2192337443,2913869506,4,0,none,0,False,23523,6,0,23,7,0,14,291,7,0,30,0,07:50:29,Bug,None,265
93,Swift Swim,0,7,0,8,2024-04-03,8,0,30,96,70,1,0,Electric,17,0,9,0,0,None,2,4,1123846981,285217279,0,17,3,4,17,Route 102,310,15,45,40,0,0,0,0,Lotad,Naughty,0,2192337443,3226526054,4,0,none,0,False,51641,9,0,29,8,0,7,296,7,0,10,0,07:50:41,Water,Grass,270
105,Shield Dust,0,7,0,29,2024-04-03,7,0,13,27,70,1,0,Water,16,0,18,0,0,None,2,3,2189813406,268439807,0,16,3,3,17,Route 102,33,35,81,40,0,0,0,0,Wurmple,Bold,0,2192337443,2723005,4,0,none,0,False,25627,6,0,14,7,0,17,291,6,0,14,0,07:50:55,Bug,None,265
94,Run Away,0,8,0,20,2024-04-03,7,0,13,27,70,1,0,Flying,15,0,17,0,0,None,2,3,3982146262,251662335,0,15,3,3,17,Route 102,33,35,0,0,0,0,0,0,Poochyena,Hardy,0,2192337443,1878446325,4,0,none,0,False,22412,7,0,14,6,0,4,287,7,0,26,0,07:51:09,Dark,None,261
106,Run Away,0,10,0,17,2024-04-03,8,0,15,64,70,1,0,Psychic,17,0,18,0,0,None,2,4,556149826,285217279,0,17,3,4,17,Route 102,33,35,0,0,0,0,0,0,Poochyena,Bashful,0,2192337443,2743748193,4,0,none,0,False,3428,8,0,15,8,0,21,287,8,0,20,0,07:51:24,Dark,None,261
88,Shield Dust,0,7,0,0,2024-04-03,7,0,25,27,70,1,0,Grass,16,0,13,0,0,None,2,3,488686067,268439807,0,16,3,3,17,Route 102,33,35,81,40,0,0,0,0,Wurmple,Bashful,0,2192337443,2676796368,4,0,none,0,False,56531,7,0,30,7,0,17,291,6,0,3,0,07:51:38,Bug,None,265
79,Shield Dust,0,8,0,14,2024-04-03,7,0,3,64,70,1,0,Dragon,18,0,29,0,0,None,2,4,2859280555,301994751,0,18,3,4,17,Route 102,33,35,81,40,0,0,0,0,Wurmple,Calm,0,2192337443,683754120,4,0,none,0,False,33478,7,0,15,7,0,1,291,7,0,17,0,07:51:50,Bug,None,265
85,Run Away,0,8,0,28,2024-04-03,7,0,2,27,70,1,0,Ground,15,0,22,0,0,None,2,3,1149931259,251662335,0,15,3,3,17,Route 102,33,35,0,0,0,0,0,0,Poochyena,Calm,0,2192337443,3324437720,4,0,none,0,False,51825,7,0,7,7,0,24,287,7,0,2,0,07:52:06,Dark,None,261
82,Swift Swim,0,5,0,2,2024-04-03,7,0,25,57,70,1,0,Rock,15,0,18,0,0,None,2,3,3052968559,251662335,0,15,3,3,17,Route 102,310,15,45,40,0,0,0,0,Lotad,Calm,0,2192337443,928313420,4,0,none,0,False,12183,7,0,3,8,0,28,296,6,0,6,0,07:52:18,Water,Grass,270
129,Shield Dust,0,7,0,25,2024-04-03,7,0,29,27,70,1,0,Ground,16,0,16,0,0,None,2,3,1462064035,268439807,0,16,3,3,17,Route 102,33,35,81,40,0,0,0,0,Wurmple,Timid,0,2192337443,3582540160,4,0,none,0,False,1158,6,0,22,7,0,16,291,6,0,21,0,07:52:31,Bug,None,265
149,Shield Dust,0,9,0,26,2024-04-03,9,0,31,64,70,1,0,Fire,18,0,23,0,0,None,2,4,3925832902,301994751,0,18,3,4,17,Route 102,33,35,81,40,0,0,0,0,Wurmple,Lax,0,2192337443,1800609509,4,0,none,0,False,40249,7,0,14,7,0,25,291,7,0,30,0,07:52:43,Bug,None,265
98,Run Away,0,9,0,6,2024-04-03,8,0,26,64,70,1,0,Rock,17,0,19,0,0,None,2,4,3284687099,285217279,0,17,3,4,17,Route 102,33,35,0,0,0,0,0,0,Poochyena,Docile,0,2192337443,1097085656,4,0,none,0,False,39731,7,0,1,8,0,22,287,8,0,24,0,07:52:56,Dark,None,261
104,Shield Dust,0,8,0,27,2024-04-03,7,0,15,27,70,1,0,Psychic,15,0,6,0,0,None,2,3,3203061878,251662335,0,15,3,3,17,Route 102,33,35,81,40,0,0,0,0,Wurmple,Impish,0,2192337443,1011266133,4,0,none,0,False,26268,5,0,13,7,0,29,291,6,0,14,0,07:53:08,Bug,None,265
93,Shield Dust,0,7,0,8,2024-04-03,7,0,10,27,70,1,0,Steel,16,0,22,0,0,None,2,3,3680263777,268439807,0,16,3,3,17,Route 102,33,35,81,40,0,0,0,0,Wurmple,Quiet,0,2192337443,1508914242,4,0,none,0,False,34109,6,0,20,7,0,7,291,5,0,26,0,07:53:22,Bug,None,265
109,Pickup,0,7,0,27,2024-04-03,9,0,23,64,70,1,0,Dragon,17,0,12,0,0,None,2,4,2616509027,285217279,0,17,3,4,17,Route 102,33,35,45,40,0,0,0,0,Zigzagoon,Modest,0,2192337443,425240640,4,0,none,0,False,22935,7,0,7,9,0,23,289,10,0,17,0,07:53:37,Normal,None,263
122,Rain Dish,1,6,0,17,2024-04-03,7,0,19,57,70,1,0,Ground,16,0,23,0,0,None,2,3,1856115420,268439807,0,16,3,3,17,Route 102,310,15,45,40,0,0,0,0,Lotad,Bold,0,2192337443,3960371455,4,0,none,0,False,31870,7,0,16,8,0,28,296,7,0,19,0,07:53:52,Water,Grass,270
95,Swift Swim,0,7,0,30,2024-04-03,7,0,13,57,70,1,0,Bug,15,0,13,0,0,None,2,3,893431559,251662335,0,15,3,3,17,Route 102,310,15,45,40,0,0,0,0,Lotad,Quiet,0,2192337443,3085747492,4,0,none,0,False,39495,7,0,17,8,0,14,296,6,0,8,0,07:54:05,Water,Grass,270
134,Swift Swim,0,7,0,13,2024-04-03,6,0,12,57,70,1,0,Ice,16,0,30,0,0,None,2,3,2806615961,268439807,0,16,3,3,17,Route 102,310,15,45,40,0,0,0,0,Lotad,Gentle,0,2192337443,635823546,4,0,none,0,False,10448,8,0,31,8,0,17,296,7,0,31,0,07:54:20,Water,Grass,270
67,Swift Swim,0,7,0,11,2024-04-03,7,0,30,57,70,1,0,Fire,15,0,7,0,0,None,2,3,2067649441,251662335,0,15,3,3,17,Route 102,310,15,45,40,0,0,0,0,Lotad,Rash,0,2192337443,4187076994,4,0,none,0,False,43164,7,0,14,7,0,5,296,6,0,0,0,07:54:33,Water,Grass,270
78,Pickup,0,7,0,10,2024-04-03,9,0,21,64,70,1,139,Rock,17,0,14,0,0,Oran Berry,2,4,1012147107,285217279,0,17,3,4,17,Route 102,33,35,45,40,0,0,0,0,Zigzagoon,Lax,0,2192337443,3203942784,4,0,none,0,False,8183,8,0,23,7,0,8,289,9,0,2,0,07:54:48,Normal,None,263
51,Run Away,0,8,0,7,2024-04-03,7,0,1,27,70,1,0,Water,15,0,4,0,0,None,2,3,2517290119,251662335,0,15,3,3,17,Route 102,33,35,0,0,0,0,0,0,Poochyena,Docile,0,2192337443,346465956,4,0,none,0,False,23181,7,0,14,7,0,15,287,7,0,10,0,07:55:02,Dark,None,261
104,Run Away,0,9,0,27,2024-04-03,8,0,14,64,70,1,135,Poison,16,0,0,0,0,Pecha Berry,2,4,2748355668,268439807,0,16,3,4,17,Route 102,33,35,0,0,0,0,0,0,Poochyena,Timid,0,2192337443,561839735,4,0,none,0,False,14212,8,0,30,8,0,20,287,8,0,13,0,07:55:15,Dark,None,261
99,Run Away,0,8,0,1,2024-04-03,7,0,17,27,70,1,0,Steel,15,0,23,0,0,None,2,3,3411292706,251662335,0,15,3,3,17,Route 102,33,35,0,0,0,0,0,0,Poochyena,Hardy,0,2192337443,1241012225,4,0,none,0,False,63862,7,0,29,6,0,0,287,7,0,29,0,07:55:27,Dark,None,261
66,Run Away,0,8,0,6,2024-04-03,7,0,3,27,70,1,0,Psychic,15,0,5,0,0,None,2,3,2603845791,251662335,0,15,3,3,17,Route 102,33,35,0,0,0,0,0,0,Poochyena,Bashful,0,2192337443,429908668,4,0,none,0,False,5036,7,0,15,7,0,31,287,7,0,6,0,07:55:40,Dark,None,261
103,Pickup,0,6,0,3,2024-04-03,6,0,14,27,70,1,0,Rock,16,0,31,0,0,None,2,3,4254625942,268439807,0,16,3,3,17,Route 102,33,35,45,40,0,0,0,0,Zigzagoon,Mild,0,2192337443,2134121141,4,0,none,0,False,36110,7,0,21,7,0,4,289,9,0,30,0,07:55:53,Normal,None,263
127,Swift Swim,0,8,0,26,2024-04-03,6,0,12,96,70,1,0,Fighting,17,0,19,0,0,None,2,4,2676725535,285217279,0,17,3,4,17,Route 102,310,15,45,40,0,0,0,0,Lotad,Gentle,0,2192337443,489159996,4,0,none,0,False,2196,8,0,18,11,0,26,296,8,0,26,0,07:56:05,Water,Grass,270
111,Synchronize,0,7,0,31,2024-04-03,7,0,7,80,35,1,0,Ice,16,0,15,0,0,None,2,4,2121619031,268439807,0,16,3,4,17,Route 102,45,40,0,0,0,0,0,0,Ralts,Calm,0,2192337443,4242095220,4,0,none,0,False,10274,9,0,23,8,0,19,393,8,0,16,0,07:56:17,Psychic,None,280
80,Rain Dish,1,6,0,9,2024-04-03,8,0,22,96,70,1,0,Grass,17,0,11,0,0,None,2,4,3454145668,285217279,0,17,3,4,17,Route 102,310,15,45,40,0,0,0,0,Lotad,Calm,0,2192337443,1330544295,4,0,none,0,False,55654,8,0,6,9,0,11,296,8,0,21,0,07:56:30,Water,Grass,270
98,Pickup,0,7,0,12,2024-04-03,7,0,8,27,70,1,0,Poison,16,0,29,0,0,None,2,3,3899377604,268439807,0,16,3,3,17,Route 102,33,35,45,40,0,0,0,0,Zigzagoon,Naughty,0,2192337443,1791471079,4,0,none,0,False,12207,7,0,10,7,0,22,289,9,0,17,0,07:56:41,Normal,None,263
93,Shield Dust,0,9,0,21,2024-04-03,7,0,16,64,70,1,0,Fighting,18,0,20,0,0,None,2,4,3033202182,301994751,0,18,3,4,17,Route 102,33,35,81,40,0,0,0,0,Wurmple,Hasty,0,2192337443,912692261,4,0,none,0,False,19148,7,0,20,7,0,10,291,6,0,6,0,07:56:55,Bug,None,265
72,Shield Dust,0,9,0,12,2024-04-03,8,0,14,64,70,1,0,Ice,18,0,11,0,0,None,2,4,2615545569,301994751,0,18,3,4,17,Route 102,33,35,81,40,0,0,0,0,Wurmple,Impish,0,2192337443,424305858,4,0,none,0,False,38151,5,0,7,7,0,9,291,7,0,19,0,07:57:07,Bug,None,265
105,Trace,1,7,0,31,2024-04-03,7,0,3,80,35,1,0,Bug,16,0,18,0,0,None,2,4,243181868,268439807,0,16,3,4,17,Route 102,45,40,0,0,0,0,0,0,Ralts,Timid,0,2192337443,2362622735,4,0,none,0,False,42834,9,0,27,8,0,10,393,8,0,16,0,07:57:19,Psychic,None,280
89,Run Away,0,8,0,14,2024-04-03,8,0,7,64,70,1,0,Fighting,17,0,8,0,0,None,2,4,1891347506,285217279,0,17,3,4,17,Route 102,33,35,0,0,0,0,0,0,Poochyena,Bold,0,2192337443,4061644305,4,0,none,0,False,56457,7,0,14,8,0,28,287,8,0,18,0,07:57:35,Dark,None,261
118,Swift Swim,0,7,0,31,2024-04-03,6,0,10,57,70,1,0,Ghost,16,0,31,0,0,None,2,3,1693539071,268439807,0,16,3,3,17,Route 102,310,15,45,40,0,0,0,0,Lotad,Hasty,0,2192337443,3864867036,4,0,none,0,False,15886,7,0,15,8,0,26,296,6,0,5,0,07:57:47,Water,Grass,270
134,Synchronize,0,7,0,21,2024-04-03,6,0,16,80,35,1,0,Ghost,16,0,15,0,0,None,2,4,2808464405,268439807,0,16,3,4,17,Route 102,45,40,0,0,0,0,0,0,Ralts,Lonely,0,2192337443,633974326,4,0,none,0,False,25456,9,0,27,8,0,26,393,9,0,29,0,07:57:59,Psychic,None,280
120,Pickup,0,7,0,26,2024-04-03,8,0,30,27,70,1,0,Poison,16,0,25,0,0,None,2,3,2138912598,268439807,0,16,3,3,17,Route 102,33,35,45,40,0,0,0,0,Zigzagoon,Sassy,0,2192337443,4258356597,4,0,none,0,False,18475,7,0,16,7,0,10,289,7,0,13,0,07:58:11,Normal,None,263
49,Shield Dust,0,9,0,17,2024-04-03,8,0,5,64,70,1,0,Ground,17,0,6,0,0,None,2,4,2078486627,285217279,0,17,3,4,17,Route 102,33,35,81,40,0,0,0,0,Wurmple,Relaxed,0,2192337443,4182727232,4,0,none,0,False,19328,6,0,2,7,0,14,291,5,0,5,0,07:58:23,Bug,None,265
102,Run Away,0,7,0,21,2024-04-03,7,0,15,27,70,1,0,Dark,15,0,3,0,0,None,2,3,711470273,251662335,0,15,3,3,17,Route 102,33,35,0,0,0,0,0,0,Poochyena,Modest,0,2192337443,2831435490,4,0,none,0,False,1705,7,0,19,7,0,21,287,7,0,23,0,07:58:35,Dark,None,261
124,Run Away,0,9,0,26,2024-04-03,8,0,8,64,70,1,0,Poison,17,0,15,0,0,None,2,4,1673311399,285217279,0,17,3,4,17,Route 102,33,35,0,0,0,0,0,0,Poochyena,Modest,0,2192337443,3775979140,4,0,none,0,False,55067,8,0,28,8,0,20,287,8,0,27,0,07:58:47,Dark,None,261
92,Run Away,0,8,0,16,2024-04-03,6,0,16,27,70,1,0,Poison,15,0,7,0,0,None,2,3,1414735767,251662335,0,15,3,3,17,Route 102,33,35,0,0,0,0,0,0,Poochyena,Gentle,0,2192337443,3607055796,4,0,none,0,False,29636,7,0,26,7,0,8,287,7,0,19,0,07:59:00,Dark,None,261
73,Rain Dish,1,8,0,19,2024-04-03,8,0,25,96,70,1,0,Ice,17,0,5,0,0,None,2,4,2433081426,285217279,0,17,3,4,17,Route 102,310,15,45,40,0,0,0,0,Lotad,Naughty,0,2192337443,329878129,4,0,none,0,False,29015,8,0,15,8,0,7,296,7,0,2,0,07:59:13,Water,Grass,270
69,Shield Dust,0,8,0,9,2024-04-03,8,0,8,64,70,1,0,Rock,18,0,29,0,0,None,2,4,3947306309,301994751,0,18,3,4,17,Route 102,33,35,81,40,0,0,0,0,Wurmple,Docile,0,2192337443,1777039206,4,0,none,0,False,62978,7,0,11,7,0,10,291,6,0,2,0,07:59:25,Bug,None,265
107,Shield Dust,0,7,0,7,2024-04-03,7,0,7,27,70,1,0,Dragon,16,0,12,0,0,None,2,3,2268201306,268439807,0,16,3,3,17,Route 102,33,35,81,40,0,0,0,0,Wurmple,Docile,0,2192337443,94268281,4,0,none,0,False,34408,7,0,29,7,0,31,291,6,0,21,0,07:59:38,Bug,None,265
95,Shield Dust,0,8,0,17,2024-04-03,7,0,11,27,70,1,0,Ice,16,0,17,0,0,None,2,3,1419573398,268439807,0,16,3,3,17,Route 102,33,35,81,40,0,0,0,0,Wurmple,Lax,0,2192337443,3593507509,4,0,none,0,False,44042,7,0,27,5,0,5,291,6,0,18,0,07:59:50,Bug,None,265
78,Pickup,0,7,0,17,2024-04-03,7,0,1,27,70,1,0,Grass,15,0,12,0,0,None,2,3,3345977239,251662335,0,15,3,3,17,Route 102,33,35,45,40,0,0,0,0,Zigzagoon,Adamant,0,2192337443,1170466228,4,0,none,0,False,18680,6,0,28,7,0,3,289,9,0,17,0,08:00:04,Normal,None,263
88,Pickup,0,7,0,30,2024-04-03,7,0,0,27,70,1,0,Fighting,16,0,26,0,0,None,2,3,1633640631,268439807,0,16,3,3,17,Route 102,33,35,45,40,0,0,0,0,Zigzagoon,Jolly,0,2192337443,3824355988,4,0,none,0,False,488,5,0,2,8,0,26,289,8,0,4,0,08:00:16,Normal,None,263
79,Shield Dust,0,7,0,3,2024-04-03,7,0,19,27,70,1,0,Flying,15,0,1,0,0,None,2,3,1432754768,251662335,0,15,3,3,17,Route 102,33,35,81,40,0,0,0,0,Wurmple,Quirky,0,2192337443,3620368499,4,0,none,0,False,20278,6,0,22,7,0,22,291,6,0,12,0,08:00:28,Bug,None,265
106,Rain Dish,1,7,0,11,2024-04-03,7,0,29,57,70,1,0,Steel,16,0,28,0,0,None,2,3,2225110696,268439807,0,16,3,3,17,Route 102,310,15,45,40,0,0,0,0,Lotad,Serious,0,2192337443,101454987,4,0,none,0,False,64008,7,0,3,8,0,4,296,7,0,31,0,08:00:43,Water,Grass,270
64,Rain Dish,1,8,0,20,2024-04-03,6,0,14,96,70,1,0,Bug,17,0,6,0,0,None,2,4,1293890914,285217279,0,17,3,4,17,Route 102,310,15,45,40,0,0,0,0,Lotad,Mild,0,2192337443,3484639041,4,0,none,0,False,30845,8,0,11,9,0,12,296,7,0,1,0,08:00:57,Water,Grass,270
60,Shield Dust,0,8,0,15,2024-04-03,8,0,21,64,70,1,0,Grass,17,0,2,0,0,None,2,4,1141883746,285217279,0,17,3,4,17,Route 102,33,35,81,40,0,0,0,0,Wurmple,Modest,0,2192337443,3332614465,4,0,none,0,False,34669,7,0,20,7,0,1,291,6,0,1,0,08:01:09,Bug,None,265
96,Run Away,0,8,0,7,2024-04-03,7,0,17,27,70,1,0,Dark,15,0,9,0,0,None,2,3,2296763293,251662335,0,15,3,3,17,Route 102,33,35,0,0,0,0,0,0,Poochyena,Jolly,0,2192337443,172603838,4,0,none,0,False,23416,6,0,31,6,0,3,287,7,0,29,0,08:01:23,Dark,None,261
73,Shield Dust,0,7,0,9,2024-04-03,7,0,12,27,70,1,0,Dragon,16,0,15,0,0,None,2,3,2692065156,268439807,0,16,3,3,17,Route 102,33,35,81,40,0,0,0,0,Wurmple,Adamant,0,2192337443,584699303,4,0,none,0,False,2033,5,0,21,7,0,13,291,6,0,3,0,08:01:35,Bug,None,265
74,Shield Dust,0,8,0,25,2024-04-03,7,0,2,27,70,1,0,Poison,16,0,20,0,0,None,2,3,325464995,268439807,0,16,3,3,17,Route 102,33,35,81,40,0,0,0,0,Wurmple,Naughty,0,2192337443,2445957504,4,0,none,0,False,8389,6,0,18,5,0,0,291,6,0,9,0,08:01:47,Bug,None,265
77,Shield Dust,0,7,0,12,2024-04-03,7,0,22,27,70,1,0,Water,16,0,11,0,0,None,2,3,442923674,268439807,0,16,3,3,17,Route 102,33,35,81,40,0,0,0,0,Wurmple,Timid,0,2192337443,2563379385,4,0,none,0,False,24828,6,0,6,7,0,23,291,6,0,3,0,08:01:59,Bug,None,265
79,Run Away,0,8,0,8,2024-04-03,7,0,19,27,70,1,0,Psychic,15,0,8,0,0,None,2,3,2288569448,251662335,0,15,3,3,17,Route 102,33,35,0,0,0,0,0,0,Poochyena,Serious,0,2192337443,180659787,4,0,none,0,False,17408,7,0,31,6,0,1,287,7,0,12,0,08:02:13,Dark,None,261
75,Rain Dish,1,7,0,2,2024-04-03,7,0,8,96,70,1,0,Water,18,0,21,0,0,None,2,4,3137549978,301994751,0,18,3,4,17,Route 102,310,15,45,40,0,0,0,0,Lotad,Quirky,0,2192337443,967793849,4,0,none,0,False,36249,9,0,28,9,0,1,296,8,0,15,0,08:02:26,Water,Grass,270
84,Run Away,0,8,0,2,2024-04-03,7,0,25,27,70,1,0,Psychic,15,0,19,0,0,None,2,3,591723356,251662335,0,15,3,3,17,Route 102,33,35,0,0,0,0,0,0,Poochyena,Hardy,0,2192337443,2716373375,4,0,none,0,False,55320,7,0,13,6,0,5,287,7,0,20,0,08:02:38,Dark,None,261
118,Rain Dish,1,8,0,31,2024-04-03,6,0,8,96,70,1,0,Fighting,18,0,31,0,0,None,2,4,1736852902,301994751,0,18,3,4,17,Route 102,310,15,45,40,0,0,0,0,Lotad,Mild,0,2192337443,3844747141,4,0,none,0,False,8736,8,0,12,9,0,8,296,8,0,28,0,08:02:51,Water,Grass,270
41,Run Away,0,10,0,16,2024-04-03,7,0,0,64,70,1,0,Bug,17,0,5,0,0,None,2,4,3513291960,285217279,0,17,3,4,17,Route 102,33,35,0,0,0,0,0,0,Poochyena,Jolly,0,2192337443,1405419163,4,0,none,0,False,17872,6,0,3,7,0,2,287,8,0,15,0,08:03:05,Dark,None,261
142,Shield Dust,0,8,0,20,2024-04-03,7,0,19,27,70,1,0,Flying,16,0,25,0,0,None,2,3,29575708,268439807,0,16,3,3,17,Route 102,33,35,81,40,0,0,0,0,Wurmple,Sassy,0,2192337443,2205098047,4,0,none,0,False,19423,7,0,28,7,0,30,291,5,0,20,0,08:03:19,Bug,None,265
81,Run Away,0,8,0,8,2024-04-03,8,0,16,64,70,1,0,Electric,17,0,15,0,0,None,2,4,2945907306,285217279,0,17,3,4,17,Route 102,33,35,0,0,0,0,0,0,Poochyena,Calm,0,2192337443,758812745,4,0,none,0,False,22012,8,0,23,7,0,9,287,8,0,10,0,08:03:31,Dark,None,261
111,Run Away,0,9,0,31,2024-04-03,7,0,16,27,70,1,0,Ghost,15,0,8,0,0,None,2,3,3069927057,251662335,0,15,3,3,17,Route 102,33,35,0,0,0,0,0,0,Poochyena,Naughty,0,2192337443,878130354,4,0,none,0,False,59498,7,0,31,6,0,20,287,7,0,5,0,08:03:44,Dark,None,261
103,Rain Dish,1,8,0,18,2024-04-03,8,0,29,96,70,1,0,Bug,18,0,27,0,0,None,2,4,421653054,301994751,0,18,3,4,17,Route 102,310,15,45,40,0,0,0,0,Lotad,Adamant,0,2192337443,2609741853,4,0,none,0,False,62239,7,0,1,9,0,22,296,7,0,6,0,08:03:57,Water,Grass,270
76,Shield Dust,0,8,0,21,2024-04-03,7,0,8,27,70,1,0,Poison,15,0,2,0,0,None,2,3,955189644,251662335,0,15,3,3,17,Route 102,33,35,81,40,0,0,0,0,Wurmple,Relaxed,0,2192337443,3124978607,4,0,none,0,False,12643,6,0,22,7,0,14,291,5,0,9,0,08:04:09,Bug,None,265
119,Run Away,0,8,0,23,2024-04-03,6,0,29,27,70,1,0,Dragon,15,0,28,0,0,None,2,3,2118576303,251662335,0,15,3,3,17,Route 102,33,35,0,0,0,0,0,0,Poochyena,Lonely,0,2192337443,4243227276,4,0,none,0,False,38633,7,0,25,6,0,5,287,7,0,9,0,08:04:22,Dark,None,261
103,Shield Dust,0,7,0,5,2024-04-03,7,0,25,27,70,1,0,Flying,15,0,9,0,0,None,2,3,773280814,251662335,0,15,3,3,17,Route 102,33,35,81,40,0,0,0,0,Wurmple,Rash,0,2192337443,2897952269,4,0,none,0,False,31289,7,0,28,6,0,20,291,6,0,16,0,08:04:34,Bug,None,265
109,Run Away,0,8,0,31,2024-04-03,7,0,14,27,70,1,0,Poison,15,0,17,0,0,None,2,3,1858726927,251662335,0,15,3,3,17,Route 102,33,35,0,0,0,0,0,0,Poochyena,Timid,0,2192337443,3966076460,4,0,none,0,False,33478,7,0,14,7,0,14,287,7,0,19,0,08:04:47,Dark,None,261
115,Rain Dish,1,6,0,11,2024-04-03,7,0,16,57,70,1,0,Rock,15,0,1,0,0,None,2,3,3341824000,251662335,0,15,3,3,17,Route 102,310,15,45,40,0,0,0,0,Lotad,Calm,0,2192337443,1167874595,4,0,none,0,False,63280,8,0,27,8,0,30,296,7,0,30,0,08:04:59,Water,Grass,270
127,Run Away,0,9,0,7,2024-04-03,8,0,24,64,70,1,0,Grass,17,0,28,0,0,None,2,4,1155697720,285217279,0,17,3,4,17,Route 102,33,35,0,0,0,0,0,0,Poochyena,Impish,0,2192337443,3327059483,4,0,none,0,False,51418,7,0,26,7,0,13,287,8,0,29,0,08:05:12,Dark,None,261
93,Pickup,0,7,0,19,2024-04-03,8,0,24,27,70,1,0,Poison,15,0,15,0,0,None,2,3,1187211163,251662335,0,15,3,3,17,Route 102,33,35,45,40,0,0,0,0,Zigzagoon,Rash,0,2192337443,3295612344,4,0,none,0,False,8536,7,0,8,6,0,6,289,9,0,21,0,08:05:24,Normal,None,263
140,Run Away,0,9,0,25,2024-04-03,7,0,28,27,70,1,0,Ice,15,0,18,0,0,None,2,3,3882687029,251662335,0,15,3,3,17,Route 102,33,35,0,0,0,0,0,0,Poochyena,Impish,0,2192337443,1707175958,4,0,none,0,False,64856,6,0,31,7,0,17,287,7,0,21,0,08:05:36,Dark,None,261
97,Run Away,0,9,0,1,2024-04-03,8,0,13,64,70,1,0,Flying,17,0,13,0,0,None,2,4,1504832683,285217279,0,17,3,4,17,Route 102,33,35,0,0,0,0,0,0,Poochyena,Jolly,0,2192337443,3676145288,4,0,none,0,False,46362,7,0,22,8,0,24,287,8,0,24,0,08:05:49,Dark,None,261
60,Run Away,0,7,0,11,2024-04-03,7,0,3,27,70,1,0,Ground,15,0,29,0,0,None,2,3,3307754620,251662335,0,15,3,3,17,Route 102,33,35,0,0,0,0,0,0,Poochyena,Bold,0,2192337443,1199849055,4,0,none,0,False,37204,6,0,6,7,0,10,287,7,0,1,0,08:06:01,Dark,None,261
79,Run Away,0,7,0,21,2024-04-03,7,0,9,27,70,1,0,Bug,15,0,6,0,0,None,2,3,3001184078,251662335,0,15,3,3,17,Route 102,33,35,0,0,0,0,0,0,Poochyena,Modest,0,2192337443,810419565,4,0,none,0,False,56748,7,0,27,6,0,0,287,7,0,16,0,08:06:12,Dark,None,261
86,Swift Swim,0,7,0,3,2024-04-03,7,0,13,96,70,1,0,Grass,18,0,30,0,0,None,2,4,4111945727,301994751,0,18,3,4,17,Route 102,310,15,45,40,0,0,0,0,Lotad,Adamant,0,2192337443,2008753628,4,0,none,0,False,47848,7,0,14,10,0,25,296,7,0,1,0,08:06:28,Water,Grass,270
102,Shield Dust,0,8,0,26,2024-04-03,7,0,11,27,70,1,0,Grass,15,0,7,0,0,None,2,3,2511217996,251662335,0,15,3,3,17,Route 102,33,35,81,40,0,0,0,0,Wurmple,Hardy,0,2192337443,386027375,4,0,none,0,False,45282,6,0,12,7,0,21,291,6,0,25,0,08:06:40,Bug,None,265
56,Pickup,0,6,0,2,2024-04-03,7,0,16,27,70,1,0,Fighting,15,0,18,0,0,None,2,3,528220568,251662335,0,15,3,3,17,Route 102,33,35,45,40,0,0,0,0,Zigzagoon,Naughty,0,2192337443,2647681979,4,0,none,0,False,7908,7,0,10,6,0,8,289,8,0,2,0,08:06:53,Normal,None,263
105,Run Away,0,8,0,25,2024-04-03,7,0,17,27,70,1,0,Ground,15,0,14,0,0,None,2,3,1163027165,251662335,0,15,3,3,17,Route 102,33,35,0,0,0,0,0,0,Poochyena,Bold,0,2192337443,3355314430,4,0,none,0,False,10127,6,0,4,7,0,18,287,7,0,27,0,08:07:05,Dark,None,261
125,Pickup,0,7,0,11,2024-04-03,8,0,23,27,70,1,0,Dragon,16,0,24,0,0,None,2,3,1323617857,268439807,0,16,3,3,17,Route 102,33,35,45,40,0,0,0,0,Zigzagoon,Jolly,0,2192337443,3427312738,4,0,none,0,False,32933,6,0,29,7,0,17,289,9,0,21,0,08:07:18,Normal,None,263
65,Run Away,0,9,0,18,2024-04-03,8,0,9,64,70,1,0,Dragon,17,0,25,0,0,None,2,4,924879377,285217279,0,17,3,4,17,Route 102,33,35,0,0,0,0,0,0,Poochyena,Bold,0,2192337443,3045908530,4,0,none,0,False,48433,7,0,1,7,0,9,287,7,0,3,0,08:07:31,Dark,None,261
119,Rain Dish,1,7,0,21,2024-04-03,7,0,18,57,70,1,0,Poison,16,0,25,0,0,None,2,3,1394804676,268439807,0,16,3,3,17,Route 102,310,15,45,40,0,0,0,0,Lotad,Brave,0,2192337443,3515837927,4,0,none,0,False,21735,7,0,8,8,0,24,296,6,0,23,0,08:07:44,Water,Grass,270
131,Run Away,0,8,0,14,2024-04-03,7,0,13,27,70,1,0,Fire,15,0,21,0,0,None,2,3,89979640,251662335,0,15,3,3,17,Route 102,33,35,0,0,0,0,0,0,Poochyena,Impish,0,2192337443,2280689883,4,0,none,0,False,65444,6,0,22,7,0,31,287,8,0,30,0,08:08:01,Dark,None,261
98,Synchronize,0,7,0,11,2024-04-03,7,0,28,80,35,1,0,Psychic,17,0,31,0,0,None,2,4,3509392093,285217279,0,17,3,4,17,Route 102,45,40,0,0,0,0,0,0,Ralts,Gentle,0,2192337443,1400994046,4,0,none,0,False,50160,8,0,9,8,0,7,393,8,0,12,0,08:08:14,Psychic,None,280
74,Pickup,0,6,0,4,2024-04-03,7,0,1,27,70,1,0,Ghost,15,0,19,0,0,None,2,3,2302458702,251662335,0,15,3,3,17,Route 102,33,35,45,40,0,0,0,0,Zigzagoon,Careful,0,2192337443,194040173,4,0,none,0,False,12914,5,0,1,8,0,22,289,9,0,27,0,08:08:26,Normal,None,263
126,Shield Dust,0,9,0,11,2024-04-03,9,0,30,64,70,1,0,Ghost,18,0,23,0,0,None,2,4,1495336672,301994751,0,18,3,4,17,Route 102,33,35,81,40,0,0,0,0,Wurmple,Careful,0,2192337443,3683478723,4,0,none,0,False,24513,6,0,17,8,0,18,291,7,0,27,0,08:08:38,Bug,None,265
116,Rain Dish,1,7,0,7,2024-04-03,7,0,27,57,70,1,0,Flying,15,0,8,0,0,None,2,3,637586136,251662335,0,15,3,3,17,Route 102,310,15,45,40,0,0,0,0,Lotad,Brave,0,2192337443,2762776827,4,0,none,0,False,60632,8,0,22,8,0,24,296,6,0,28,0,08:08:51,Water,Grass,270
111,Shield Dust,0,8,0,26,2024-04-03,7,0,27,27,70,1,0,Bug,16,0,21,0,0,None,2,3,3876132990,268439807,0,16,3,3,17,Route 102,33,35,81,40,0,0,0,0,Wurmple,Impish,0,2192337443,1705341533,4,0,none,0,False,65399,5,0,23,7,0,14,291,6,0,0,0,08:09:04,Bug,None,265
114,Shield Dust,0,7,0,27,2024-04-03,7,0,26,27,70,1,0,Ice,15,0,2,0,0,None,2,3,371946049,251662335,0,15,3,3,17,Route 102,33,35,81,40,0,0,0,0,Wurmple,Calm,0,2192337443,2491881570,4,0,none,0,False,25706,6,0,13,7,0,23,291,6,0,23,0,08:09:18,Bug,None,265
94,Run Away,0,7,0,11,2024-04-03,7,0,19,27,70,1,0,Ground,15,0,1,0,0,None,2,3,1714707956,251662335,0,15,3,3,17,Route 102,33,35,0,0,0,0,0,0,Poochyena,Modest,0,2192337443,3835181015,4,0,none,0,False,15296,7,0,22,7,0,16,287,7,0,25,0,08:09:31,Dark,None,261
138,Swift Swim,0,7,0,30,2024-04-03,7,0,29,57,70,1,0,Psychic,15,0,13,0,0,None,2,3,500181581,251662335,0,15,3,3,17,Route 102,310,15,45,40,0,0,0,0,Lotad,Brave,0,2192337443,2675720302,4,0,none,0,False,14237,8,0,25,8,0,19,296,6,0,22,0,08:09:44,Water,Grass,270
105,Shield Dust,0,8,0,10,2024-04-03,8,0,15,64,70,1,0,Ghost,17,0,8,0,0,None,2,4,3669754558,285217279,0,17,3,4,17,Route 102,33,35,81,40,0,0,0,0,Wurmple,Modest,0,2192337443,1477470365,4,0,none,0,False,55298,7,0,27,8,0,16,291,7,0,29,0,08:09:56,Bug,None,265
114,Pickup,0,7,0,31,2024-04-03,8,0,29,27,70,1,0,Flying,15,0,20,0,0,None,2,3,680598762,251662335,0,15,3,3,17,Route 102,33,35,45,40,0,0,0,0,Zigzagoon,Hardy,0,2192337443,2856154825,4,0,none,0,False,13435,7,0,16,7,0,4,289,9,0,14,0,08:10:08,Normal,None,263
83,Run Away,0,8,0,10,2024-04-03,6,0,22,27,70,1,0,Steel,15,0,8,0,0,None,2,3,3194054279,251662335,0,15,3,3,17,Route 102,33,35,0,0,0,0,0,0,Poochyena,Lonely,0,2192337443,1020071076,4,0,none,0,False,55526,7,0,22,7,0,15,287,7,0,6,0,08:10:22,Dark,None,261
103,Pickup,0,7,0,8,2024-04-03,8,0,29,27,70,1,0,Bug,15,0,13,0,0,None,2,3,754597891,251662335,0,15,3,3,17,Route 102,33,35,45,40,0,0,0,0,Zigzagoon,Naive,0,2192337443,2924882464,4,0,none,0,False,27897,7,0,27,6,0,10,289,9,0,16,0,08:10:34,Normal,None,263
77,Trace,1,8,0,27,2024-04-03,8,0,28,80,35,1,0,Ghost,16,0,0,0,0,None,2,4,3458857718,268439807,0,16,3,4,17,Route 102,45,40,0,0,0,0,0,0,Ralts,Docile,0,2192337443,1283821781,4,0,none,0,False,13535,8,0,1,8,0,14,393,8,0,7,0,08:10:48,Psychic,None,280
61,Shield Dust,0,8,0,11,2024-04-03,7,0,2,27,70,1,0,Ghost,16,0,12,0,0,None,2,3,3018599941,268439807,0,16,3,3,17,Route 102,33,35,81,40,0,0,0,0,Wurmple,Lax,0,2192337443,826295334,4,0,none,0,False,40425,6,0,5,6,0,16,291,6,0,15,0,08:11:02,Bug,None,265
87,Pickup,0,6,0,17,2024-04-03,7,0,4,27,70,1,0,Grass,16,0,24,0,0,None,2,3,2900122829,268439807,0,16,3,3,17,Route 102,33,35,45,40,0,0,0,0,Zigzagoon,Bold,0,2192337443,779106030,4,0,none,0,False,61457,7,0,18,7,0,1,289,9,0,23,0,08:11:15,Normal,None,263
105,Rain Dish,1,6,0,20,2024-04-03,7,0,11,57,70,1,0,Fighting,15,0,14,0,0,None,2,3,3883484338,251662335,0,15,3,3,17,Route 102,310,15,45,40,0,0,0,0,Lotad,Bold,0,2192337443,1708469905,4,0,none,0,False,41931,8,0,30,8,0,10,296,7,0,20,0,08:11:31,Water,Grass,270
124,Run Away,0,9,0,31,2024-04-03,7,0,16,27,70,1,0,Grass,15,0,29,0,0,None,2,3,325127787,251662335,0,15,3,3,17,Route 102,33,35,0,0,0,0,0,0,Poochyena,Sassy,0,2192337443,2446156872,4,0,none,0,False,7434,6,0,2,7,0,21,287,6,0,25,0,08:11:43,Dark,None,261
71,Shield Dust,0,8,0,19,2024-04-03,7,0,2,27,70,1,0,Fighting,16,0,10,0,0,None,2,3,386410139,268439807,0,16,3,3,17,Route 102,33,35,81,40,0,0,0,0,Wurmple,Adamant,0,2192337443,2510572728,4,0,none,0,False,12691,5,0,22,7,0,18,291,6,0,0,0,08:11:55,Bug,None,265
65,Shield Dust,0,6,0,2,2024-04-03,7,0,16,27,70,1,0,Steel,16,0,20,0,0,None,2,3,2305730710,268439807,0,16,3,3,17,Route 102,33,35,81,40,0,0,0,0,Wurmple,Bold,0,2192337443,197313205,4,0,none,0,False,8696,6,0,2,7,0,17,291,6,0,8,0,08:12:08,Bug,None,265
95,Rain Dish,1,6,0,2,2024-04-03,8,0,17,96,70,1,0,Fire,17,0,15,0,0,None,2,4,769190912,285217279,0,17,3,4,17,Route 102,310,15,45,40,0,0,0,0,Lotad,Modest,0,2192337443,2943649315,4,0,none,0,False,49624,9,0,26,10,0,31,296,7,0,4,0,08:12:20,Water,Grass,270
86,Shield Dust,0,8,0,31,2024-04-03,7,0,16,27,70,1,0,Fire,15,0,4,0,0,None,2,3,1244491324,251662335,0,15,3,3,17,Route 102,33,35,81,40,0,0,0,0,Wurmple,Quirky,0,2192337443,3363898399,4,0,none,0,False,9233,6,0,24,6,0,5,291,6,0,6,0,08:12:33,Bug,None,265
84,Trace,1,7,0,6,2024-04-03,6,0,4,80,35,1,0,Fighting,17,0,24,0,0,None,2,4,1777181800,285217279,0,17,3,4,17,Route 102,45,40,0,0,0,0,0,0,Ralts,Hasty,0,2192337443,3946958411,4,0,none,0,False,52613,9,0,28,8,0,22,393,8,0,0,0,08:12:45,Psychic,None,280
66,Trace,1,6,0,4,2024-04-03,7,0,19,80,35,1,0,Flying,16,0,3,0,0,None,2,4,4242691374,268439807,0,16,3,4,17,Route 102,45,40,0,0,0,0,0,0,Ralts,Modest,0,2192337443,2119057165,4,0,none,0,False,43468,9,0,12,8,0,18,393,8,0,10,0,08:12:59,Psychic,None,280
89,Run Away,0,9,0,10,2024-04-03,8,0,24,64,70,1,0,Flying,16,0,0,0,0,None,2,4,3935074164,268439807,0,16,3,4,17,Route 102,33,35,0,0,0,0,0,0,Poochyena,Brave,0,2192337443,1746935127,4,0,none,0,False,40440,8,0,18,8,0,16,287,7,0,21,0,08:13:13,Dark,None,261
96,Swift Swim,0,7,0,30,2024-04-03,6,0,12,57,70,1,0,Poison,15,0,19,0,0,None,2,3,2185201521,251662335,0,15,3,3,17,Route 102,310,15,45,40,0,0,0,0,Lotad,Gentle,0,2192337443,9694546,4,0,none,0,False,1358,7,0,10,8,0,12,296,7,0,13,0,08:13:28,Water,Grass,270
77,Shield Dust,0,8,0,15,2024-04-03,7,0,14,27,70,1,0,Rock,16,0,17,0,0,None,2,3,2591398165,268439807,0,16,3,3,17,Route 102,33,35,81,40,0,0,0,0,Wurmple,Impish,0,2192337443,416936758,4,0,none,0,False,864,5,0,9,6,0,2,291,6,0,20,0,08:13:40,Bug,None,265
83,Pickup,0,7,0,18,2024-04-03,7,0,6,27,70,1,139,Ground,15,0,16,0,0,Oran Berry,2,3,1344046544,251662335,0,15,3,3,17,Route 102,33,35,45,40,0,0,0,0,Zigzagoon,Careful,0,2192337443,3534811123,4,0,none,0,False,54732,6,0,25,7,0,16,289,8,0,2,0,08:13:52,Normal,None,263
100,Run Away,0,8,0,14,2024-04-03,7,0,8,27,70,1,0,Steel,15,0,13,0,0,None,2,3,1042426582,251662335,0,15,3,3,17,Route 102,33,35,0,0,0,0,0,0,Poochyena,Quirky,0,2192337443,3163439349,4,0,none,0,False,5364,7,0,12,7,0,25,287,7,0,28,0,08:14:05,Dark,None,261
120,Shield Dust,0,8,0,30,2024-04-03,7,0,20,27,70,1,0,Rock,16,0,21,0,0,None,2,3,880974114,268439807,0,16,3,3,17,Route 102,33,35,81,40,0,0,0,0,Wurmple,Brave,0,2192337443,3056530177,4,0,none,0,False,44448,6,0,15,7,0,26,291,5,0,8,0,08:14:21,Bug,None,265
72,Shield Dust,0,7,0,7,2024-04-03,7,0,3,64,70,1,0,Steel,18,0,26,0,0,None,2,4,3199074770,301994751,0,18,3,4,17,Route 102,33,35,81,40,0,0,0,0,Wurmple,Modest,0,2192337443,1006791665,4,0,none,0,False,49020,6,0,3,7,0,14,291,7,0,19,0,08:14:33,Bug,None,265
101,Pickup,0,7,0,5,2024-04-03,9,0,27,64,70,1,0,Steel,17,0,21,0,0,None,2,4,1777016333,285217279,0,17,3,4,17,Route 102,33,35,45,40,0,0,0,0,Zigzagoon,Impish,0,2192337443,3947328558,4,0,none,0,False,30694,6,0,1,9,0,24,289,10,0,23,0,08:14:47,Normal,None,263
96,Rain Dish,1,7,0,1,2024-04-03,8,0,17,96,70,1,0,Steel,17,0,4,0,0,None,2,4,274396062,285217279,0,17,3,4,17,Route 102,310,15,45,40,0,0,0,0,Lotad,Quirky,0,2192337443,2465634749,4,0,none,0,False,58308,8,0,15,10,0,28,296,8,0,31,0,08:14:59,Water,Grass,270
122,Shield Dust,0,9,0,22,2024-04-03,7,0,24,64,70,1,0,Water,18,0,24,0,0,None,2,4,887581279,301994751,0,18,3,4,17,Route 102,33,35,81,40,0,0,0,0,Wurmple,Hasty,0,2192337443,3058368636,4,0,none,0,False,24248,7,0,26,7,0,5,291,7,0,21,0,08:15:13,Bug,None,265
81,Pickup,0,7,0,26,2024-04-03,7,0,5,27,70,1,0,Ghost,15,0,8,0,0,None,2,3,2015030356,251662335,0,15,3,3,17,Route 102,33,35,45,40,0,0,0,0,Zigzagoon,Hardy,0,2192337443,4206265975,4,0,none,0,False,37966,7,0,11,8,0,26,289,8,0,5,0,08:15:27,Normal,None,263
107,Shield Dust,0,8,0,5,2024-04-03,8,0,21,64,70,1,0,Water,18,0,30,0,0,None,2,4,2935306561,301994751,0,18,3,4,17,Route 102,33,35,81,40,0,0,0,0,Wurmple,Naughty,0,2192337443,744051554,4,0,none,0,False,38836,6,0,2,7,0,23,291,7,0,26,0,08:15:40,Bug,None,265
119,Pickup,0,7,0,27,2024-04-03,7,0,18,27,70,1,0,Fighting,15,0,22,0,0,None,2,3,3226789338,251662335,0,15,3,3,17,Route 102,33,35,45,40,0,0,0,0,Zigzagoon,Mild,0,2192337443,1123586041,4,0,none,0,False,9614,7,0,14,7,0,10,289,9,0,28,0,08:15:53,Normal,None,263
60,Run Away,0,8,0,6,2024-04-03,8,0,16,64,70,1,0,Rock,17,0,9,0,0,None,2,4,1776017413,285217279,0,17,3,4,17,Route 102,33,35,0,0,0,0,0,0,Poochyena,Timid,0,2192337443,3950479910,4,0,none,0,False,35294,8,0,23,7,0,6,287,7,0,0,0,08:16:05,Dark,None,261
116,Shield Dust,0,8,0,11,2024-04-03,8,0,30,27,70,1,0,Grass,16,0,25,0,0,None,2,3,2689283854,268439807,0,16,3,3,17,Route 102,33,35,81,40,0,0,0,0,Wurmple,Jolly,0,2192337443,585588013,4,0,none,0,False,38725,5,0,4,7,0,27,291,6,0,19,0,08:16:17,Bug,None,265
48,Pickup,0,7,0,7,2024-04-03,7,0,1,27,70,1,0,Ground,15,0,17,0,0,None,2,3,3650456331,251662335,0,15,3,3,17,Route 102,33,35,45,40,0,0,0,0,Zigzagoon,Careful,0,2192337443,1530519848,4,0,none,0,False,21150,5,0,6,7,0,16,289,8,0,1,0,08:16:31,Normal,None,263
78,Trace,1,7,0,21,2024-04-03,6,0,5,80,35,1,0,Dark,16,0,9,0,0,None,2,4,1424086874,268439807,0,16,3,4,17,Route 102,45,40,0,0,0,0,0,0,Ralts,Lonely,0,2192337443,3595419001,4,0,none,0,False,33723,9,0,11,7,0,3,393,9,0,29,0,08:16:43,Psychic,None,280
74,Pickup,0,7,0,12,2024-04-03,7,0,9,27,70,1,0,Grass,16,0,27,0,0,None,2,3,1260126770,268439807,0,16,3,3,17,Route 102,33,35,45,40,0,0,0,0,Zigzagoon,Bashful,0,2192337443,3383781393,4,0,none,0,False,18734,7,0,16,7,0,5,289,8,0,5,0,08:16:57,Normal,None,263
129,Swift Swim,0,7,0,29,2024-04-03,7,0,18,57,70,1,0,Grass,15,0,18,0,0,None,2,3,2094661243,251662335,0,15,3,3,17,Route 102,310,15,45,40,0,0,0,0,Lotad,Brave,0,2192337443,4269118552,4,0,none,0,False,33442,7,0,10,8,0,25,296,6,0,29,0,08:17:11,Water,Grass,270
99,Run Away,0,8,0,9,2024-04-03,8,0,31,27,70,1,0,Electric,15,0,15,0,0,None,2,3,2720343245,251662335,0,15,3,3,17,Route 102,33,35,0,0,0,0,0,0,Poochyena,Hardy,0,2192337443,545869550,4,0,none,0,False,34536,7,0,16,7,0,27,287,7,0,1,0,08:17:25,Dark,None,261
97,Shield Dust,0,7,0,6,2024-04-03,7,0,25,27,70,1,0,Fire,16,0,11,0,0,None,2,3,1721115717,268439807,0,16,3,3,17,Route 102,33,35,81,40,0,0,0,0,Wurmple,Docile,0,2192337443,3829026406,4,0,none,0,False,17107,6,0,26,7,0,25,291,6,0,4,0,08:17:37,Bug,None,265
92,Swift Swim,0,8,0,23,2024-04-03,8,0,18,96,70,1,0,Rock,18,0,20,0,0,None,2,4,620951521,301994751,0,18,3,4,17,Route 102,310,15,45,40,0,0,0,0,Lotad,Sassy,0,2192337443,2813238722,4,0,none,0,False,53987,8,0,17,9,0,14,296,6,0,0,0,08:17:50,Water,Grass,270
78,Trace,1,8,0,26,2024-04-03,7,0,7,80,35,1,0,Grass,16,0,17,0,0,None,2,4,673534944,268439807,0,16,3,4,17,Route 102,45,40,0,0,0,0,0,0,Ralts,Naive,0,2192337443,2861119939,4,0,none,0,False,31685,8,0,4,7,0,19,393,8,0,5,0,08:18:04,Psychic,None,280
123,Rain Dish,1,8,0,31,2024-04-03,8,0,22,96,70,1,0,Fire,18,0,23,0,0,None,2,4,3598265344,301994751,0,18,3,4,17,Route 102,310,15,45,40,0,0,0,0,Lotad,Quiet,0,2192337443,1423263267,4,0,none,0,False,64121,8,0,4,9,0,13,296,7,0,30,0,08:18:19,Water,Grass,270
100,Shield Dust,0,9,0,18,2024-04-03,8,0,21,64,70,1,0,Ghost,18,0,13,0,0,None,2,4,111604141,301994751,0,18,3,4,17,Route 102,33,35,81,40,0,0,0,0,Wurmple,Rash,0,2192337443,2215287694,4,0,none,0,False,63243,7,0,17,7,0,16,291,7,0,15,0,08:18:32,Bug,None,265
99,Shield Dust,0,8,0,11,2024-04-03,7,0,29,27,70,1,0,Dragon,16,0,28,0,0,None,2,3,41863660,268439807,0,16,3,3,17,Route 102,33,35,81,40,0,0,0,0,Wurmple,Bashful,0,2192337443,2161288143,4,0,none,0,False,52114,6,0,25,6,0,1,291,6,0,5,0,08:18:44,Bug,None,265
127,Run Away,0,8,0,20,2024-04-03,7,0,29,27,70,1,0,Ground,15,0,7,0,0,None,2,3,442666688,251662335,0,15,3,3,17,Route 102,33,35,0,0,0,0,0,0,Poochyena,Bashful,0,2192337443,2563695843,4,0,none,0,False,38050,7,0,10,7,0,30,287,8,0,31,0,08:18:59,Dark,None,261
92,Shield Dust,0,7,0,19,2024-04-03,7,0,17,27,70,1,0,Water,15,0,7,0,0,None,2,3,3018873497,251662335,0,15,3,3,17,Route 102,33,35,81,40,0,0,0,0,Wurmple,Calm,0,2192337443,828125370,4,0,none,0,False,59753,6,0,16,7,0,17,291,6,0,16,0,08:19:14,Bug,None,265
80,Rain Dish,1,7,0,25,2024-04-03,6,0,19,57,70,1,0,Psychic,15,0,4,0,0,None,2,3,799696358,251662335,0,15,3,3,17,Route 102,310,15,45,40,0,0,0,0,Lotad,Gentle,0,2192337443,2902855621,4,0,none,0,False,19020,8,0,21,8,0,7,296,6,0,4,0,08:19:35,Water,Grass,270
56,Run Away,0,9,0,3,2024-04-03,8,0,23,64,70,1,0,Psychic,17,0,10,0,0,None,2,4,3991339703,285217279,0,17,3,4,17,Route 102,33,35,0,0,0,0,0,0,Poochyena,Careful,0,2192337443,1867212948,4,0,none,0,False,61264,6,0,1,8,0,19,287,7,0,0,0,08:19:50,Dark,None,261
85,Shield Dust,0,8,0,21,2024-04-03,7,0,27,27,70,1,0,Bug,16,0,10,0,0,None,2,3,3847782395,268439807,0,16,3,3,17,Route 102,33,35,81,40,0,0,0,0,Wurmple,Quirky,0,2192337443,1744049624,4,0,none,0,False,39587,6,0,19,6,0,4,291,6,0,4,0,08:20:03,Bug,None,265
92,Run Away,0,9,0,6,2024-04-03,7,0,6,64,70,1,0,Electric,17,0,24,0,0,None,2,4,4048840232,285217279,0,17,3,4,17,Route 102,33,35,0,0,0,0,0,0,Poochyena,Lonely,0,2192337443,1945635851,4,0,none,0,False,38780,8,0,15,8,0,19,287,8,0,22,0,08:20:15,Dark,None,261
93,Shield Dust,0,9,0,26,2024-04-03,7,0,2,64,70,1,0,Water,18,0,23,0,0,None,2,4,449130487,301994751,0,18,3,4,17,Route 102,33,35,81,40,0,0,0,0,Wurmple,Jolly,0,2192337443,2557035988,4,0,none,0,False,13618,6,0,22,7,0,7,291,7,0,13,0,08:20:27,Bug,None,265
94,Pickup,0,7,0,24,2024-04-03,6,0,9,27,70,1,0,Poison,15,0,18,0,0,None,2,3,674278707,251662335,0,15,3,3,17,Route 102,33,35,45,40,0,0,0,0,Zigzagoon,Gentle,0,2192337443,2862401296,4,0,none,0,False,34051,6,0,2,7,0,12,289,9,0,29,0,08:20:40,Normal,None,263
95,Shield Dust,0,8,0,30,2024-04-03,7,0,8,27,70,1,0,Electric,16,0,19,0,0,None,2,3,205040157,268439807,0,16,3,3,17,Route 102,33,35,81,40,0,0,0,0,Wurmple,Naive,0,2192337443,2392113214,4,0,none,0,False,42533,6,0,5,6,0,31,291,6,0,2,0,08:20:52,Bug,None,265
94,Shield Dust,0,8,0,17,2024-04-03,7,0,1,27,70,1,0,Dark,16,0,15,0,0,None,2,3,1264300520,268439807,0,16,3,3,17,Route 102,33,35,81,40,0,0,0,0,Wurmple,Hardy,0,2192337443,3388464075,4,0,none,0,False,64179,7,0,29,6,0,3,291,7,0,29,0,08:21:05,Bug,None,265
137,Shield Dust,0,8,0,14,2024-04-03,8,0,30,27,70,1,0,Electric,16,0,21,0,0,None,2,3,3475835689,268439807,0,16,3,3,17,Route 102,33,35,81,40,0,0,0,0,Wurmple,Bashful,0,2192337443,1300324618,4,0,none,0,False,50180,7,0,31,7,0,19,291,6,0,22,0,08:21:18,Bug,None,265
116,Rain Dish,1,8,0,25,2024-04-03,8,0,16,96,70,1,0,Rock,17,0,18,0,0,None,2,4,3644200554,285217279,0,17,3,4,17,Route 102,310,15,45,40,0,0,0,0,Lotad,Quiet,0,2192337443,1536851017,4,0,none,0,False,53084,9,0,29,9,0,12,296,7,0,16,0,08:21:31,Water,Grass,270
77,Run Away,0,8,0,6,2024-04-03,7,0,4,27,70,1,0,Fighting,15,0,25,0,0,None,2,3,729593993,251662335,0,15,3,3,17,Route 102,33,35,0,0,0,0,0,0,Poochyena,Sassy,0,2192337443,2849034922,4,0,none,0,False,37877,7,0,8,7,0,20,287,6,0,14,0,08:21:44,Dark,None,261
105,Shield Dust,0,8,0,25,2024-04-03,7,0,25,27,70,1,0,Flying,16,0,21,0,0,None,2,3,3119696939,268439807,0,16,3,3,17,Route 102,33,35,81,40,0,0,0,0,Wurmple,Relaxed,0,2192337443,996058632,4,0,none,0,False,30169,6,0,2,7,0,8,291,5,0,24,0,08:21:57,Bug,None,265
90,Run Away,0,8,0,5,2024-04-03,7,0,20,27,70,1,0,Psychic,15,0,15,0,0,None,2,3,1820349941,251662335,0,15,3,3,17,Route 102,33,35,0,0,0,0,0,0,Poochyena,Lax,0,2192337443,3995877334,4,0,none,0,False,14709,6,0,1,6,0,25,287,7,0,24,0,08:22:08,Dark,None,261
93,Swift Swim,0,7,0,16,2024-04-03,7,0,27,57,70,1,0,Bug,15,0,1,0,0,None,2,3,3662134387,251662335,0,15,3,3,17,Route 102,310,15,45,40,0,0,0,0,Lotad,Relaxed,0,2192337443,1491850832,4,0,none,0,False,26164,8,0,27,8,0,0,296,6,0,22,0,08:22:21,Water,Grass,270
76,Swift Swim,0,7,0,16,2024-04-03,6,0,6,57,70,1,0,Bug,15,0,8,0,0,None,2,3,3455019887,251662335,0,15,3,3,17,Route 102,310,15,45,40,0,0,0,0,Lotad,Impish,0,2192337443,1329791308,4,0,none,0,False,42624,6,0,1,8,0,16,296,7,0,29,0,08:22:34,Water,Grass,270
101,Swift Swim,0,6,0,20,2024-04-03,7,0,24,57,70,1,0,Ice,15,0,12,0,0,None,2,3,12656189,251662335,0,15,3,3,17,Route 102,310,15,45,40,0,0,0,0,Lotad,Bold,0,2192337443,2188211230,4,0,none,0,False,7932,8,0,21,8,0,21,296,6,0,3,0,08:22:46,Water,Grass,270
109,Run Away,0,9,0,12,2024-04-03,8,0,31,64,70,1,0,Psychic,17,0,28,0,0,None,2,4,1152626487,285217279,0,17,3,4,17,Route 102,33,35,0,0,0,0,0,0,Poochyena,Hasty,0,2192337443,3323970836,4,0,none,0,False,60292,8,0,27,7,0,1,287,8,0,10,0,08:22:58,Dark,None,261
58,Shield Dust,0,7,0,1,2024-04-03,7,0,4,27,70,1,0,Grass,15,0,9,0,0,None,2,3,2420769282,251662335,0,15,3,3,17,Route 102,33,35,81,40,0,0,0,0,Wurmple,Hardy,0,2192337443,317089825,4,0,none,0,False,37448,6,0,0,7,0,23,291,6,0,21,0,08:23:10,Bug,None,265
54,Run Away,0,8,0,11,2024-04-03,6,0,13,27,70,1,135,Psychic,15,0,20,0,0,Pecha Berry,2,3,2689365038,251662335,0,15,3,3,17,Route 102,33,35,0,0,0,0,0,0,Poochyena,Lonely,0,2192337443,585113101,4,0,none,0,False,54370,7,0,7,6,0,1,287,7,0,2,0,08:23:22,Dark,None,261
79,Rain Dish,1,7,0,10,2024-04-03,6,0,1,57,70,1,0,Bug,15,0,3,0,0,None,2,3,3801243946,251662335,0,15,3,3,17,Route 102,310,15,45,40,0,0,0,0,Lotad,Bashful,0,2192337443,1614678793,4,0,none,0,False,33720,8,0,31,8,0,26,296,7,0,8,0,08:23:36,Water,Grass,270
82,Run Away,0,10,0,17,2024-04-03,8,0,13,64,70,1,0,Flying,17,0,16,0,0,None,2,4,1541987141,285217279,0,17,3,4,17,Route 102,33,35,0,0,0,0,0,0,Poochyena,Lax,0,2192337443,3645157734,4,0,none,0,False,32941,7,0,14,6,0,12,287,8,0,10,0,08:23:49,Dark,None,261
133,Swift Swim,0,7,0,15,2024-04-03,8,0,28,96,70,1,0,Poison,18,0,27,0,0,None,2,4,1830165151,301994751,0,18,3,4,17,Route 102,310,15,45,40,0,0,0,0,Lotad,Bold,0,2192337443,4021973180,4,0,none,0,False,30601,8,0,4,10,0,30,296,8,0,29,0,08:24:03,Water,Grass,270
112,Run Away,0,8,0,9,2024-04-03,7,0,15,27,70,1,0,Grass,15,0,20,0,0,None,2,3,504010919,251662335,0,15,3,3,17,Route 102,33,35,0,0,0,0,0,0,Poochyena,Docile,0,2192337443,2628186756,4,0,none,0,False,34477,7,0,26,7,0,25,287,7,0,17,0,08:24:17,Dark,None,261
115,Run Away,0,8,0,19,2024-04-03,7,0,17,27,70,1,0,Ground,15,0,8,0,0,None,2,3,1834578239,251662335,0,15,3,3,17,Route 102,33,35,0,0,0,0,0,0,Poochyena,Lax,0,2192337443,4025817884,4,0,none,0,False,7270,7,0,16,6,0,26,287,7,0,29,0,08:24:32,Dark,None,261
112,Shield Dust,0,8,0,22,2024-04-03,7,0,25,27,70,1,0,Rock,16,0,22,0,0,None,2,3,2890608870,268439807,0,16,3,3,17,Route 102,33,35,81,40,0,0,0,0,Wurmple,Naive,0,2192337443,786913989,4,0,none,0,False,40109,6,0,5,6,0,18,291,6,0,20,0,08:24:44,Bug,None,265
143,Shield Dust,0,9,0,31,2024-04-03,7,0,24,64,70,1,0,Ghost,18,0,26,0,0,None,2,4,4266307024,301994751,0,18,3,4,17,Route 102,33,35,81,40,0,0,0,0,Wurmple,Lonely,0,2192337443,2095499251,4,0,none,0,False,21402,7,0,19,8,0,30,291,7,0,13,0,08:24:59,Bug,None,265
79,Trace,1,7,0,2,2024-04-03,6,0,18,80,35,1,0,Water,16,0,1,0,0,None,2,4,2271879816,268439807,0,16,3,4,17,Route 102,45,40,0,0,0,0,0,0,Ralts,Hasty,0,2192337443,96880811,4,0,none,0,False,42466,9,0,24,8,0,23,393,8,0,11,0,08:25:15,Psychic,None,280
74,Shield Dust,0,6,0,0,2024-04-03,7,0,28,27,70,1,0,Steel,15,0,3,0,0,None,2,3,2013401270,251662335,0,15,3,3,17,Route 102,33,35,81,40,0,0,0,0,Wurmple,Calm,0,2192337443,4205738645,4,0,none,0,False,26804,6,0,12,7,0,23,291,6,0,8,0,08:25:30,Bug,None,265
117,Run Away,0,10,0,31,2024-04-03,9,0,30,64,70,1,0,Grass,16,0,2,0,0,None,2,4,2927457892,268439807,0,16,3,4,17,Route 102,33,35,0,0,0,0,0,0,Poochyena,Quiet,0,2192337443,751901767,4,0,none,0,False,55321,8,0,24,7,0,5,287,7,0,25,0,08:25:44,Dark,None,261
115,Shield Dust,0,8,0,16,2024-04-03,6,0,13,27,70,1,0,Fire,16,0,23,0,0,None,2,3,474980027,268439807,0,16,3,3,17,Route 102,33,35,81,40,0,0,0,0,Wurmple,Mild,0,2192337443,2665739416,4,0,none,0,False,33524,6,0,20,7,0,17,291,6,0,26,0,08:25:58,Bug,None,265
65,Shield Dust,0,8,0,0,2024-04-03,8,0,13,64,70,1,0,Ghost,17,0,2,0,0,None,2,4,715459088,285217279,0,17,3,4,17,Route 102,33,35,81,40,0,0,0,0,Wurmple,Naive,0,2192337443,2819186739,4,0,none,0,False,8373,7,0,31,7,0,16,291,6,0,3,0,08:26:10,Bug,None,265
82,Shield Dust,0,7,0,1,2024-04-03,7,0,16,27,70,1,0,Fire,16,0,12,0,0,None,2,3,246380883,268439807,0,16,3,3,17,Route 102,33,35,81,40,0,0,0,0,Wurmple,Quirky,0,2192337443,2349011824,4,0,none,0,False,30716,6,0,20,7,0,21,291,6,0,12,0,08:26:22,Bug,None,265
119,Shield Dust,0,9,0,19,2024-04-03,7,0,27,64,70,1,0,Electric,18,0,27,0,0,None,2,4,2673656914,301994751,0,18,3,4,17,Route 102,33,35,81,40,0,0,0,0,Wurmple,Hasty,0,2192337443,502312561,4,0,none,0,False,23310,7,0,18,8,0,25,291,6,0,3,0,08:26:35,Bug,None,265
95,Run Away,0,8,0,22,2024-04-03,7,0,21,27,70,1,0,Ground,15,0,3,0,0,None,2,3,483947263,251662335,0,15,3,3,17,Route 102,33,35,0,0,0,0,0,0,Poochyena,Bashful,0,2192337443,2658408668,4,0,none,0,False,28199,6,0,0,7,0,26,287,7,0,23,0,08:26:49,Dark,None,261
58,Shield Dust,0,7,0,1,2024-04-03,7,0,6,27,70,1,0,Ice,15,0,8,0,0,None,2,3,4104074043,251662335,0,15,3,3,17,Route 102,33,35,81,40,0,0,0,0,Wurmple,Relaxed,0,2192337443,1983076632,4,0,none,0,False,51108,6,0,5,7,0,27,291,5,0,11,0,08:27:01,Bug,None,265
73,Synchronize,0,7,0,1,2024-04-03,7,0,10,80,35,1,0,Electric,16,0,18,0,0,None,2,4,1670259983,268439807,0,16,3,4,17,Route 102,45,40,0,0,0,0,0,0,Ralts,Quiet,0,2192337443,3777122092,4,0,none,0,False,18049,9,0,11,8,0,19,393,7,0,14,0,08:27:13,Psychic,None,280
99,Run Away,0,8,0,10,2024-04-03,7,0,29,27,70,1,0,Ground,15,0,5,0,0,None,2,3,3582830989,251662335,0,15,3,3,17,Route 102,33,35,0,0,0,0,0,0,Poochyena,Quirky,0,2192337443,1461830574,4,0,none,0,False,31744,7,0,26,7,0,18,287,7,0,11,0,08:27:26,Dark,None,261
70,Pickup,0,7,0,13,2024-04-03,8,0,19,27,70,1,0,Psychic,15,0,4,0,0,None,2,3,431560184,251662335,0,15,3,3,17,Route 102,33,35,45,40,0,0,0,0,Zigzagoon,Quiet,0,2192337443,2601877467,4,0,none,0,False,3137,7,0,21,7,0,7,289,7,0,6,0,08:27:38,Normal,None,263
130,Shield Dust,0,7,0,18,2024-04-03,7,0,25,27,70,1,0,Psychic,16,0,31,0,0,None,2,3,3464975272,268439807,0,16,3,3,17,Route 102,33,35,81,40,0,0,0,0,Wurmple,Calm,0,2192337443,1277901195,4,0,none,0,False,40239,6,0,13,7,0,19,291,6,0,24,0,08:27:51,Bug,None,265
73,Rain Dish,1,7,0,11,2024-04-03,5,0,5,57,70,1,0,Ground,15,0,16,0,0,None,2,3,4150181938,251662335,0,15,3,3,17,Route 102,310,15,45,40,0,0,0,0,Lotad,Gentle,0,2192337443,1978837521,4,0,none,0,False,14188,7,0,2,8,0,28,296,7,0,11,0,08:28:03,Water,Grass,270
52,Early Bird,1,7,0,4,2024-04-03,7,0,17,57,70,1,0,Rock,15,0,18,0,0,None,2,3,4005359444,251662335,0,15,3,3,17,Route 102,117,10,106,30,0,0,0,0,Seedot,Gentle,0,2192337443,1813022071,4,0,none,0,False,488,6,0,3,6,0,0,299,7,0,10,0,08:28:15,Grass,None,273
102,Pickup,0,8,0,16,2024-04-03,9,0,21,64,70,1,0,Psychic,17,0,13,0,0,None,2,4,2640214143,285217279,0,17,3,4,17,Route 102,33,35,45,40,0,0,0,0,Zigzagoon,Impish,0,2192337443,535958108,4,0,none,0,False,58657,7,0,29,8,0,9,289,10,0,14,0,08:28:27,Normal,None,263
32,Run Away,0,8,0,1,2024-04-03,6,0,5,27,70,1,0,Flying,15,0,8,0,0,None,2,3,2962459811,251662335,0,15,3,3,17,Route 102,33,35,0,0,0,0,0,0,Poochyena,Lonely,0,2192337443,843048576,4,0,none,0,False,15408,6,0,4,7,0,8,287,7,0,6,0,08:28:39,Dark,None,261
105,Run Away,0,8,0,20,2024-04-03,7,0,3,27,70,1,0,Bug,15,0,25,0,0,None,2,3,3998020501,251662335,0,15,3,3,17,Route 102,33,35,0,0,0,0,0,0,Poochyena,Quiet,0,2192337443,1826658742,4,0,none,0,False,7641,7,0,21,7,0,8,287,6,0,28,0,08:28:55,Dark,None,261
57,Run Away,0,8,0,10,2024-04-03,6,0,19,27,70,1,135,Dragon,15,0,1,0,0,Pecha Berry,2,3,944207083,251662335,0,15,3,3,17,Route 102,33,35,0,0,0,0,0,0,Poochyena,Mild,0,2192337443,3135971016,4,0,none,0,False,19628,6,0,3,7,0,15,287,7,0,9,0,08:29:07,Dark,None,261
62,Run Away,0,8,0,8,2024-04-03,7,0,4,27,70,1,135,Steel,15,0,13,0,0,Pecha Berry,2,3,1919905744,251662335,0,15,3,3,17,Route 102,33,35,0,0,0,0,0,0,Poochyena,Impish,0,2192337443,4039312883,4,0,none,0,False,7615,5,0,4,7,0,9,287,7,0,24,0,08:29:19,Dark,None,261
64,Rain Dish,1,7,0,19,2024-04-03,6,0,28,57,70,1,0,Rock,15,0,4,0,0,None,2,3,3850075960,251662335,0,15,3,3,17,Route 102,310,15,45,40,0,0,0,0,Lotad,Mild,0,2192337443,1742148891,4,0,none,0,False,39491,7,0,1,8,0,10,296,6,0,2,0,08:29:31,Water,Grass,270
115,Pickup,0,7,0,29,2024-04-03,8,0,30,27,70,1,0,Rock,15,0,11,0,0,None,2,3,169884433,251662335,0,15,3,3,17,Route 102,33,35,45,40,0,0,0,0,Zigzagoon,Brave,0,2192337443,2290897202,4,0,none,0,False,12593,6,0,5,8,0,26,289,8,0,14,0,08:29:46,Normal,None,263
114,Shield Dust,0,9,0,11,2024-04-03,7,0,16,64,70,1,0,Rock,18,0,28,0,0,None,2,4,3793175564,301994751,0,18,3,4,17,Route 102,33,35,81,40,0,0,0,0,Wurmple,Mild,0,2192337443,1622879791,4,0,none,0,False,42523,7,0,21,8,0,20,291,7,0,18,0,08:30:00,Bug,None,265
76,Run Away,0,9,0,3,2024-04-03,6,0,3,64,70,1,0,Psychic,17,0,24,0,0,None,2,4,2580647397,285217279,0,17,3,4,17,Route 102,33,35,0,0,0,0,0,0,Poochyena,Mild,0,2192337443,461236166,4,0,none,0,False,5172,7,0,13,7,0,7,287,8,0,26,0,08:30:11,Dark,None,261
91,Shield Dust,0,8,0,14,2024-04-03,7,0,19,27,70,1,0,Ghost,16,0,22,0,0,None,2,3,374763772,268439807,0,16,3,3,17,Route 102,33,35,81,40,0,0,0,0,Wurmple,Sassy,0,2192337443,2499418847,4,0,none,0,False,26282,6,0,9,7,0,8,291,5,0,19,0,08:30:25,Bug,None,265
101,Run Away,0,8,0,17,2024-04-03,7,0,25,27,70,1,0,Dragon,15,0,10,0,0,None,2,3,1683732675,251662335,0,15,3,3,17,Route 102,33,35,0,0,0,0,0,0,Poochyena,Docile,0,2192337443,3875001056,4,0,none,0,False,56472,7,0,25,6,0,1,287,7,0,23,0,08:30:38,Dark,None,261
68,Run Away,0,8,0,26,2024-04-03,7,0,14,27,70,1,0,Poison,15,0,11,0,0,None,2,3,3837660803,251662335,0,15,3,3,17,Route 102,33,35,0,0,0,0,0,0,Poochyena,Modest,0,2192337443,1712481440,4,0,none,0,False,59965,7,0,8,6,0,6,287,7,0,3,0,08:30:52,Dark,None,261
114,Shield Dust,0,9,0,25,2024-04-03,8,0,19,64,70,1,0,Dark,17,0,5,0,0,None,2,4,1617086170,285217279,0,17,3,4,17,Route 102,33,35,81,40,0,0,0,0,Wurmple,Jolly,0,2192337443,3805195513,4,0,none,0,False,42680,6,0,15,8,0,27,291,7,0,23,0,08:31:05,Bug,None,265
81,Swift Swim,0,7,0,7,2024-04-03,6,0,4,57,70,1,0,Dragon,15,0,9,0,0,None,2,3,2165201075,251662335,0,15,3,3,17,Route 102,310,15,45,40,0,0,0,0,Lotad,Quirky,0,2192337443,60961424,4,0,none,0,False,55741,8,0,23,8,0,21,296,7,0,17,0,08:31:22,Water,Grass,270
72,Rain Dish,1,7,0,0,2024-04-03,8,0,22,96,70,1,0,Water,18,0,26,0,0,None,2,4,123780688,301994751,0,18,3,4,17,Route 102,310,15,45,40,0,0,0,0,Lotad,Lax,0,2192337443,2244793459,4,0,none,0,False,47408,8,0,4,8,0,1,296,8,0,19,0,08:31:35,Water,Grass,270
95,Run Away,0,8,0,24,2024-04-03,7,0,28,27,70,1,0,Electric,15,0,7,0,0,None,2,3,327499115,251662335,0,15,3,3,17,Route 102,33,35,0,0,0,0,0,0,Poochyena,Modest,0,2192337443,2435405640,4,0,none,0,False,12014,6,0,1,7,0,23,287,7,0,12,0,08:31:47,Dark,None,261
68,Rain Dish,1,6,0,4,2024-04-03,5,0,2,57,70,1,0,Poison,15,0,17,0,0,None,2,3,308663356,251662335,0,15,3,3,17,Route 102,310,15,45,40,0,0,0,0,Lotad,Hasty,0,2192337443,2429140511,4,0,none,0,False,50777,8,0,22,8,0,20,296,6,0,3,0,08:31:59,Water,Grass,270
98,Pickup,0,7,0,10,2024-04-03,8,0,29,27,70,1,0,Fire,15,0,14,0,0,None,2,3,2618722168,251662335,0,15,3,3,17,Route 102,33,35,45,40,0,0,0,0,Zigzagoon,Naive,0,2192337443,515566939,4,0,none,0,False,7022,7,0,14,6,0,7,289,9,0,24,0,08:32:11,Normal,None,263
109,Swift Swim,0,7,0,11,2024-04-03,7,0,29,96,70,1,0,Water,17,0,10,0,0,None,2,4,2904076645,285217279,0,17,3,4,17,Route 102,310,15,45,40,0,0,0,0,Lotad,Mild,0,2192337443,800381766,4,0,none,0,False,7293,9,0,24,10,0,27,296,7,0,8,0,08:32:24,Water,Grass,270
82,Shield Dust,0,8,0,28,2024-04-03,6,0,14,27,70,1,0,Rock,15,0,9,0,0,None,2,3,2942089486,251662335,0,15,3,3,17,Route 102,33,35,81,40,0,0,0,0,Wurmple,Gentle,0,2192337443,770757421,4,0,none,0,False,5714,6,0,13,7,0,18,291,6,0,0,0,08:32:36,Bug,None,265
126,Run Away,0,8,0,26,2024-04-03,7,0,9,27,70,1,0,Grass,15,0,27,0,0,None,2,3,377150624,251662335,0,15,3,3,17,Route 102,33,35,0,0,0,0,0,0,Poochyena,Calm,0,2192337443,2497099395,4,0,none,0,False,51930,7,0,14,7,0,27,287,7,0,23,0,08:32:48,Dark,None,261
122,Swift Swim,0,7,0,20,2024-04-03,6,0,26,57,70,1,0,Steel,15,0,3,0,0,None,2,3,3431779113,251662335,0,15,3,3,17,Route 102,310,15,45,40,0,0,0,0,Lotad,Lonely,0,2192337443,1310761226,4,0,none,0,False,1957,8,0,20,8,0,29,296,7,0,24,0,08:33:00,Water,Grass,270
61,Shield Dust,0,8,0,18,2024-04-03,7,0,2,27,70,1,0,Water,15,0,1,0,0,None,2,3,1154471597,251662335,0,15,3,3,17,Route 102,33,35,81,40,0,0,0,0,Wurmple,Brave,0,2192337443,3328425102,4,0,none,0,False,37474,6,0,14,7,0,11,291,5,0,15,0,08:33:13,Bug,None,265
81,Rain Dish,1,8,0,28,2024-04-03,7,0,10,96,70,1,0,Ice,18,0,28,0,0,None,2,4,3730265116,301994751,0,18,3,4,17,Route 102,310,15,45,40,0,0,0,0,Lotad,Bashful,0,2192337443,1559969343,4,0,none,0,False,35403,8,0,5,9,0,3,296,7,0,7,0,08:33:26,Water,Grass,270
84,Pickup,0,6,0,3,2024-04-03,8,0,28,27,70,1,0,Rock,15,0,6,0,0,None,2,3,3944960657,251662335,0,15,3,3,17,Route 102,33,35,45,40,0,0,0,0,Zigzagoon,Quiet,0,2192337443,1770993842,4,0,none,0,False,47538,7,0,7,7,0,10,289,8,0,30,0,08:33:39,Normal,None,263
81,Swift Swim,0,7,0,30,2024-04-03,7,0,1,96,70,1,0,Grass,17,0,16,0,0,None,2,4,2039065779,285217279,0,17,3,4,17,Route 102,310,15,45,40,0,0,0,0,Lotad,Bold,0,2192337443,4213556880,4,0,none,0,False,54586,9,0,22,9,0,1,296,7,0,11,0,08:33:52,Water,Grass,270
135,Synchronize,0,7,0,15,2024-04-03,8,0,30,80,35,1,0,Fighting,17,0,24,0,0,None,2,4,910189151,285217279,0,17,3,4,17,Route 102,45,40,0,0,0,0,0,0,Ralts,Careful,0,2192337443,3035367548,4,0,none,0,False,21535,8,0,28,8,0,10,393,9,0,28,0,08:34:07,Psychic,None,280
97,Shield Dust,0,9,0,22,2024-04-03,8,0,14,64,70,1,0,Ground,17,0,6,0,0,None,2,4,3499916864,285217279,0,17,3,4,17,Route 102,33,35,81,40,0,0,0,0,Wurmple,Lax,0,2192337443,1378882659,4,0,none,0,False,44764,6,0,7,7,0,20,291,7,0,28,0,08:34:19,Bug,None,265
75,Pickup,0,6,0,8,2024-04-03,7,0,3,27,70,1,0,Fighting,16,0,24,0,0,None,2,3,3376954163,268439807,0,16,3,3,17,Route 102,33,35,45,40,0,0,0,0,Zigzagoon,Timid,0,2192337443,1273254160,4,0,none,0,False,62075,6,0,0,8,0,18,289,9,0,22,0,08:34:32,Normal,None,263
86,Swift Swim,0,7,0,12,2024-04-03,7,0,9,96,70,1,0,Fire,18,0,28,0,0,None,2,4,407207941,301994751,0,18,3,4,17,Route 102,310,15,45,40,0,0,0,0,Lotad,Rash,0,2192337443,2599021094,4,0,none,0,False,38976,8,0,8,8,0,7,296,8,0,22,0,08:34:47,Water,Grass,270
136,Run Away,0,9,0,25,2024-04-03,7,0,29,27,70,1,0,Flying,15,0,20,0,0,None,2,3,4092928247,251662335,0,15,3,3,17,Route 102,33,35,0,0,0,0,0,0,Poochyena,Bashful,0,2192337443,1901677268,4,0,none,0,False,54018,7,0,24,7,0,22,287,7,0,16,0,08:34:59,Dark,None,261
118,Pickup,0,6,0,6,2024-04-03,8,0,26,27,70,1,0,Electric,15,0,12,0,0,None,2,3,1746314617,251662335,0,15,3,3,17,Route 102,33,35,45,40,0,0,0,0,Zigzagoon,Sassy,0,2192337443,3938111322,4,0,none,0,False,52591,7,0,31,8,0,31,289,7,0,12,0,08:35:11,Normal,None,263
103,Run Away,0,8,0,15,2024-04-03,7,0,13,27,70,1,0,Flying,15,0,3,0,0,None,2,3,3643947797,251662335,0,15,3,3,17,Route 102,33,35,0,0,0,0,0,0,Poochyena,Lax,0,2192337443,1537102134,4,0,none,0,False,57895,7,0,30,6,0,22,287,7,0,20,0,08:35:23,Dark,None,261
47,Pickup,0,7,0,1,2024-04-03,9,0,18,64,70,1,0,Dragon,17,0,7,0,0,None,2,4,629364208,285217279,0,17,3,4,17,Route 102,33,35,45,40,0,0,0,0,Zigzagoon,Adamant,0,2192337443,2804891603,4,0,none,0,False,28787,7,0,15,8,0,5,289,9,0,1,0,08:35:37,Normal,None,263
80,Shield Dust,0,9,0,19,2024-04-03,8,0,18,64,70,1,0,Fire,18,0,16,0,0,None,2,4,1706844601,301994751,0,18,3,4,17,Route 102,33,35,81,40,0,0,0,0,Wurmple,Quiet,0,2192337443,3876588442,4,0,none,0,False,1029,7,0,12,7,0,1,291,6,0,14,0,08:35:52,Bug,None,265
78,Run Away,0,8,0,11,2024-04-03,6,0,14,27,70,1,0,Psychic,15,0,23,0,0,None,2,3,2842298374,251662335,0,15,3,3,17,Route 102,33,35,0,0,0,0,0,0,Poochyena,Mild,0,2192337443,734421541,4,0,none,0,False,41324,7,0,11,7,0,9,287,7,0,10,0,08:36:06,Dark,None,261
93,Shield Dust,0,8,0,13,2024-04-03,7,0,10,27,70,1,0,Fighting,16,0,22,0,0,None,2,3,903963474,268439807,0,16,3,3,17,Route 102,33,35,81,40,0,0,0,0,Wurmple,Quiet,0,2192337443,3075279217,4,0,none,0,False,22195,6,0,26,6,0,0,291,5,0,22,0,08:36:18,Bug,None,265
137,Shield Dust,0,8,0,25,2024-04-03,7,0,29,27,70,1,0,Steel,16,0,21,0,0,None,2,3,1000896756,268439807,0,16,3,3,17,Route 102,33,35,81,40,0,0,0,0,Wurmple,Brave,0,2192337443,3104051927,4,0,none,0,False,17244,7,0,27,7,0,10,291,5,0,25,0,08:36:31,Bug,None,265
93,Shield Dust,0,8,0,18,2024-04-03,7,0,6,27,70,1,0,Flying,16,0,14,0,0,None,2,3,3273779181,268439807,0,16,3,3,17,Route 102,33,35,81,40,0,0,0,0,Wurmple,Bashful,0,2192337443,1099795918,4,0,none,0,False,9420,6,0,16,7,0,26,291,6,0,13,0,08:36:45,Bug,None,265
115,Swift Swim,0,7,0,9,2024-04-03,8,0,21,96,70,1,0,Flying,17,0,19,0,0,None,2,4,418321029,285217279,0,17,3,4,17,Route 102,310,15,45,40,0,0,0,0,Lotad,Serious,0,2192337443,2588113062,4,0,none,0,False,2666,8,0,14,10,0,26,296,8,0,26,0,08:36:56,Water,Grass,270
79,Swift Swim,0,7,0,12,2024-04-03,8,0,30,96,70,1,0,Flying,18,0,22,0,0,None,2,4,1462673029,301994751,0,18,3,4,17,Route 102,310,15,45,40,0,0,0,0,Lotad,Bashful,0,2192337443,3582129318,4,0,none,0,False,51627,8,0,0,9,0,4,296,7,0,11,0,08:37:09,Water,Grass,270
83,Rain Dish,1,7,0,14,2024-04-03,7,0,15,96,70,1,0,Bug,17,0,3,0,0,None,2,4,3665287112,285217279,0,17,3,4,17,Route 102,310,15,45,40,0,0,0,0,Lotad,Hasty,0,2192337443,1490796011,4,0,none,0,False,3519,8,0,19,9,0,10,296,8,0,22,0,08:37:21,Water,Grass,270
110,Pickup,0,7,0,11,2024-04-03,8,0,28,27,70,1,0,Rock,15,0,20,0,0,None,2,3,3782572338,251662335,0,15,3,3,17,Route 102,33,35,45,40,0,0,0,0,Zigzagoon,Brave,0,2192337443,1675170577,4,0,none,0,False,38983,7,0,11,8,0,18,289,8,0,22,0,08:37:36,Normal,None,263
89,Shield Dust,0,8,0,18,2024-04-03,7,0,7,27,70,1,0,Fire,16,0,31,0,0,None,2,3,4061658879,268439807,0,16,3,3,17,Route 102,33,35,81,40,0,0,0,0,Wurmple,Relaxed,0,2192337443,1891341532,4,0,none,0,False,3304,6,0,6,7,0,21,291,5,0,6,0,08:37:49,Bug,None,265
94,Rain Dish,1,7,0,30,2024-04-03,6,0,8,57,70,1,0,Fighting,15,0,2,0,0,None,2,3,1152952422,251662335,0,15,3,3,17,Route 102,310,15,45,40,0,0,0,0,Lotad,Gentle,0,2192337443,3323249221,4,0,none,0,False,60638,7,0,16,8,0,12,296,7,0,26,0,08:38:01,Water,Grass,270
68,Run Away,0,8,0,3,2024-04-03,7,0,5,27,70,1,0,Psychic,15,0,26,0,0,None,2,3,3417834642,251662335,0,15,3,3,17,Route 102,33,35,0,0,0,0,0,0,Poochyena,Hardy,0,2192337443,1226075825,4,0,none,0,False,53034,6,0,3,6,0,5,287,7,0,26,0,08:38:13,Dark,None,261
65,Shield Dust,0,8,0,21,2024-04-03,7,0,17,27,70,1,0,Ground,16,0,10,0,0,None,2,3,1632096346,268439807,0,16,3,3,17,Route 102,33,35,81,40,0,0,0,0,Wurmple,Naughty,0,2192337443,3823876729,4,0,none,0,False,45341,6,0,0,6,0,16,291,6,0,1,0,08:38:25,Bug,None,265
91,Run Away,0,8,0,12,2024-04-03,7,0,10,27,70,1,0,Electric,15,0,11,0,0,None,2,3,212372928,251662335,0,15,3,3,17,Route 102,33,35,0,0,0,0,0,0,Poochyena,Naughty,0,2192337443,2382686179,4,0,none,0,False,33128,7,0,25,6,0,11,287,7,0,22,0,08:38:38,Dark,None,261
99,Run Away,0,8,0,9,2024-04-03,7,0,30,27,70,1,0,Ghost,15,0,20,0,0,None,2,3,184995078,251662335,0,15,3,3,17,Route 102,33,35,0,0,0,0,0,0,Poochyena,Lonely,0,2192337443,2309662501,4,0,none,0,False,50688,7,0,29,6,0,0,287,7,0,11,0,08:38:51,Dark,None,261
94,Swift Swim,0,7,0,1,2024-04-03,7,0,9,96,70,1,0,Steel,17,0,16,0,0,None,2,4,2304860433,285217279,0,17,3,4,17,Route 102,310,15,45,40,0,0,0,0,Lotad,Sassy,0,2192337443,197987122,4,0,none,0,False,59504,8,0,17,11,0,28,296,7,0,23,0,08:39:03,Water,Grass,270
113,Shield Dust,0,8,0,20,2024-04-03,8,0,20,64,70,1,0,Ice,17,0,8,0,0,None,2,4,252485541,285217279,0,17,3,4,17,Route 102,33,35,81,40,0,0,0,0,Wurmple,Calm,0,2192337443,2376136070,4,0,none,0,False,37033,7,0,19,8,0,19,291,7,0,27,0,08:39:16,Bug,None,265
88,Run Away,0,10,0,24,2024-04-03,8,0,21,64,70,1,135,Grass,17,0,17,0,0,Pecha Berry,2,4,4252243232,285217279,0,17,3,4,17,Route 102,33,35,0,0,0,0,0,0,Poochyena,Careful,0,2192337443,2144894723,4,0,none,0,False,59476,7,0,16,7,0,9,287,7,0,1,0,08:39:28,Dark,None,261
105,Shield Dust,0,8,0,30,2024-04-03,7,0,14,27,70,1,0,Ground,15,0,8,0,0,None,2,3,2864136013,251662335,0,15,3,3,17,Route 102,33,35,81,40,0,0,0,0,Wurmple,Relaxed,0,2192337443,672879982,4,0,none,0,False,38394,7,0,27,7,0,16,291,5,0,10,0,08:39:40,Bug,None,265
116,Pickup,0,7,0,20,2024-04-03,8,0,28,27,70,1,0,Electric,15,0,14,0,0,None,2,3,1688800217,251662335,0,15,3,3,17,Route 102,33,35,45,40,0,0,0,0,Zigzagoon,Quiet,0,2192337443,3859112442,4,0,none,0,False,28528,7,0,23,8,0,27,289,7,0,4,0,08:39:53,Normal,None,263
110,Rain Dish,1,7,0,8,2024-04-03,7,0,18,96,70,1,0,Bug,17,0,2,0,0,None,2,4,769472374,285217279,0,17,3,4,17,Route 102,310,15,45,40,0,0,0,0,Lotad,Hasty,0,2192337443,2943442261,4,0,none,0,False,6827,9,0,21,10,0,30,296,8,0,31,0,08:40:05,Water,Grass,270
95,Rain Dish,1,7,0,26,2024-04-03,8,0,16,96,70,1,0,Ground,17,0,2,0,0,None,2,4,1590858186,285217279,0,17,3,4,17,Route 102,310,15,45,40,0,0,0,0,Lotad,Calm,0,2192337443,3699309545,4,0,none,0,False,53016,8,0,9,9,0,16,296,8,0,26,0,08:40:18,Water,Grass,270
77,Run Away,0,8,0,1,2024-04-03,7,0,28,27,70,1,0,Rock,15,0,19,0,0,None,2,3,2958645551,251662335,0,15,3,3,17,Route 102,33,35,0,0,0,0,0,0,Poochyena,Jolly,0,2192337443,854930188,4,0,none,0,False,59766,6,0,23,6,0,6,287,7,0,0,0,08:40:33,Dark,None,261
54,Run Away,0,9,0,25,2024-04-03,7,0,6,27,70,1,0,Poison,15,0,10,0,0,None,2,3,3491858174,251662335,0,15,3,3,17,Route 102,33,35,0,0,0,0,0,0,Poochyena,Hardy,0,2192337443,1385032925,4,0,none,0,False,22239,6,0,2,7,0,10,287,7,0,1,0,08:40:45,Dark,None,261
53,Swift Swim,0,7,0,12,2024-04-03,7,0,9,57,70,1,0,Fighting,15,0,10,0,0,None,2,3,1480431555,251662335,0,15,3,3,17,Route 102,310,15,45,40,0,0,0,0,Lotad,Hardy,0,2192337443,3667000800,4,0,none,0,False,53246,7,0,8,8,0,0,296,7,0,14,0,08:40:59,Water,Grass,270
74,Synchronize,0,7,0,3,2024-04-03,7,0,3,80,35,1,0,Dark,17,0,27,0,0,None,2,4,4152455867,285217279,0,17,3,4,17,Route 102,45,40,0,0,0,0,0,0,Ralts,Jolly,0,2192337443,1965889688,4,0,none,0,False,34106,7,0,7,8,0,23,393,8,0,11,0,08:41:12,Psychic,None,280
129,Run Away,0,8,0,20,2024-04-03,7,0,11,27,70,1,0,Psychic,15,0,22,0,0,None,2,3,2443811696,251662335,0,15,3,3,17,Route 102,33,35,0,0,0,0,0,0,Poochyena,Jolly,0,2192337443,319156563,4,0,none,0,False,2777,6,0,31,7,0,19,287,7,0,26,0,08:41:25,Dark,None,261
81,Shield Dust,0,9,0,23,2024-04-03,8,0,21,64,70,1,0,Ground,18,0,14,0,0,None,2,4,2567248186,301994751,0,18,3,4,17,Route 102,33,35,81,40,0,0,0,0,Wurmple,Docile,0,2192337443,464089881,4,0,none,0,False,32831,6,0,8,7,0,14,291,6,0,1,0,08:41:37,Bug,None,265
88,Shield Dust,0,8,0,11,2024-04-03,7,0,3,27,70,1,0,Water,16,0,29,0,0,None,2,3,533621622,268439807,0,16,3,3,17,Route 102,33,35,81,40,0,0,0,0,Wurmple,Docile,0,2192337443,2640445781,4,0,none,0,False,29880,6,0,18,6,0,3,291,6,0,24,0,08:41:50,Bug,None,265
73,Shield Dust,0,7,0,8,2024-04-03,6,0,10,27,70,1,0,Flying,15,0,8,0,0,None,2,3,2070880184,251662335,0,15,3,3,17,Route 102,33,35,81,40,0,0,0,0,Wurmple,Hasty,0,2192337443,4190336411,4,0,none,0,False,25815,6,0,20,7,0,24,291,6,0,3,0,08:42:02,Bug,None,265
81,Shield Dust,0,9,0,14,2024-04-03,8,0,22,64,70,1,0,Fighting,17,0,1,0,0,None,2,4,584348801,285217279,0,17,3,4,17,Route 102,33,35,81,40,0,0,0,0,Wurmple,Sassy,0,2192337443,2692226722,4,0,none,0,False,22101,7,0,10,8,0,16,291,6,0,18,0,08:42:15,Bug,None,265
77,Rain Dish,1,6,0,8,2024-04-03,7,0,31,57,70,1,0,Ghost,15,0,4,0,0,None,2,3,3562424720,251662335,0,15,3,3,17,Route 102,310,15,45,40,0,0,0,0,Lotad,Modest,0,2192337443,1459233715,4,0,none,0,False,40390,7,0,9,8,0,24,296,6,0,1,0,08:42:27,Water,Grass,270
107,Synchronize,0,7,0,1,2024-04-03,8,0,29,80,35,1,0,Water,16,0,8,0,0,None,2,4,1073132135,268439807,0,16,3,4,17,Route 102,45,40,0,0,0,0,0,0,Ralts,Adamant,0,2192337443,3176847428,4,0,none,0,False,36241,8,0,26,8,0,27,393,8,0,16,0,08:42:39,Psychic,None,280
84,Run Away,0,8,0,0,2024-04-03,7,0,19,27,70,1,0,Poison,15,0,12,0,0,None,2,3,2861725250,251662335,0,15,3,3,17,Route 102,33,35,0,0,0,0,0,0,Poochyena,Serious,0,2192337443,675159137,4,0,none,0,False,56528,7,0,26,7,0,26,287,7,0,1,0,08:42:54,Dark,None,261
131,Shield Dust,0,8,0,10,2024-04-03,7,0,23,27,70,1,0,Bug,16,0,17,0,0,None,2,3,3438454471,268439807,0,16,3,3,17,Route 102,33,35,81,40,0,0,0,0,Wurmple,Lax,0,2192337443,1314835684,4,0,none,0,False,27189,7,0,31,6,0,22,291,7,0,28,0,08:43:07,Bug,None,265
148,Swift Swim,0,7,0,21,2024-04-03,7,0,31,57,70,1,0,Flying,15,0,16,0,0,None,2,3,1740410075,251662335,0,15,3,3,17,Route 102,310,15,45,40,0,0,0,0,Lotad,Bashful,0,2192337443,3843090168,4,0,none,0,False,60263,8,0,28,8,0,22,296,7,0,30,0,08:43:19,Water,Grass,270
129,Shield Dust,0,9,0,28,2024-04-03,8,0,19,64,70,1,0,Fighting,17,0,8,0,0,None,2,4,1954783387,285217279,0,17,3,4,17,Route 102,33,35,81,40,0,0,0,0,Wurmple,Quirky,0,2192337443,4130327224,4,0,none,0,False,54296,7,0,30,8,0,30,291,7,0,14,0,08:43:32,Bug,None,265
81,Shield Dust,0,8,0,26,2024-04-03,7,0,10,27,70,1,0,Flying,16,0,12,0,0,None,2,3,253756793,268439807,0,16,3,3,17,Route 102,33,35,81,40,0,0,0,0,Wurmple,Brave,0,2192337443,2374791002,4,0,none,0,False,2649,6,0,26,6,0,2,291,5,0,5,0,08:43:43,Bug,None,265
101,Run Away,0,9,0,30,2024-04-03,8,0,30,27,70,1,0,Fighting,15,0,17,0,0,None,2,3,3898830979,251662335,0,15,3,3,17,Route 102,33,35,0,0,0,0,0,0,Poochyena,Naive,0,2192337443,1791957664,4,0,none,0,False,39136,7,0,16,5,0,4,287,7,0,4,0,08:43:56,Dark,None,261
159,Rain Dish,1,7,0,9,2024-04-03,7,0,27,57,70,1,0,Ice,16,0,31,0,0,None,2,3,3139800030,268439807,0,16,3,3,17,Route 102,310,15,45,40,0,0,0,0,Lotad,Sassy,0,2192337443,965337597,4,0,none,0,False,12539,8,0,31,8,0,31,296,6,0,30,0,08:44:09,Water,Grass,270
106,Pickup,0,7,0,20,2024-04-03,7,0,14,27,70,1,0,Rock,15,0,21,0,0,None,2,3,3397294125,251662335,0,15,3,3,17,Route 102,33,35,45,40,0,0,0,0,Zigzagoon,Adamant,0,2192337443,1221784078,4,0,none,0,False,21075,6,0,15,7,0,14,289,9,0,22,0,08:44:23,Normal,None,263
80,Rain Dish,1,7,0,0,2024-04-03,7,0,14,96,70,1,0,Rock,18,0,21,0,0,None,2,4,4255498072,301994751,0,18,3,4,17,Route 102,310,15,45,40,0,0,0,0,Lotad,Relaxed,0,2192337443,2131350907,4,0,none,0,False,17149,9,0,27,9,0,6,296,6,0,12,0,08:44:35,Water,Grass,270
122,Swift Swim,0,7,0,27,2024-04-03,8,0,25,96,70,1,0,Ground,18,0,21,0,0,None,2,4,740514191,301994751,0,18,3,4,17,Route 102,310,15,45,40,0,0,0,0,Lotad,Timid,0,2192337443,2928620460,4,0,none,0,False,30124,9,0,20,9,0,2,296,8,0,27,0,08:44:48,Water,Grass,270
91,Run Away,0,8,0,13,2024-04-03,6,0,23,27,70,1,0,Electric,15,0,1,0,0,None,2,3,1246675599,251662335,0,15,3,3,17,Route 102,33,35,0,0,0,0,0,0,Poochyena,Mild,0,2192337443,3370297516,4,0,none,0,False,35009,7,0,12,7,0,17,287,7,0,25,0,08:45:00,Dark,None,261
80,Run Away,0,8,0,10,2024-04-03,7,0,8,27,70,1,0,Rock,15,0,29,0,0,None,2,3,3514260100,251662335,0,15,3,3,17,Route 102,33,35,0,0,0,0,0,0,Poochyena,Quiet,0,2192337443,1406873767,4,0,none,0,False,35827,7,0,27,6,0,6,287,6,0,0,0,08:45:13,Dark,None,261
69,Shield Dust,0,8,0,12,2024-04-03,7,0,1,27,70,1,0,Dragon,16,0,15,0,0,None,2,3,2766716010,268439807,0,16,3,3,17,Route 102,33,35,81,40,0,0,0,0,Wurmple,Jolly,0,2192337443,642045513,4,0,none,0,False,6274,5,0,11,7,0,27,291,6,0,3,0,08:45:25,Bug,None,265
105,Shield Dust,0,8,0,31,2024-04-03,7,0,23,27,70,1,0,Ice,16,0,25,0,0,None,2,3,3686787189,268439807,0,16,3,3,17,Route 102,33,35,81,40,0,0,0,0,Wurmple,Quirky,0,2192337443,1494450774,4,0,none,0,False,13258,6,0,5,6,0,5,291,6,0,16,0,08:45:39,Bug,None,265
76,Shield Dust,0,7,0,2,2024-04-03,6,0,24,27,70,1,0,Bug,15,0,0,0,0,None,2,3,3266993479,251662335,0,15,3,3,17,Route 102,33,35,81,40,0,0,0,0,Wurmple,Gentle,0,2192337443,1075197796,4,0,none,0,False,40957,7,0,27,6,0,2,291,6,0,21,0,08:45:51,Bug,None,265
65,Shield Dust,0,8,0,17,2024-04-03,7,0,18,27,70,1,0,Poison,15,0,5,0,0,None,2,3,2904284163,251662335,0,15,3,3,17,Route 102,33,35,81,40,0,0,0,0,Wurmple,Naive,0,2192337443,800568864,4,0,none,0,False,28952,6,0,2,6,0,8,291,6,0,15,0,08:46:04,Bug,None,265
113,Run Away,0,8,0,18,2024-04-03,7,0,13,27,70,1,0,Ghost,15,0,28,0,0,None,2,3,3560418416,251662335,0,15,3,3,17,Route 102,33,35,0,0,0,0,0,0,Poochyena,Brave,0,2192337443,1453049427,4,0,none,0,False,30791,6,0,1,7,0,28,287,6,0,25,0,08:46:17,Dark,None,261
55,Rain Dish,1,7,0,11,2024-04-03,7,0,4,96,70,1,0,Ghost,17,0,8,0,0,None,2,4,2330687160,285217279,0,17,3,4,17,Route 102,310,15,45,40,0,0,0,0,Lotad,Relaxed,0,2192337443,138878107,4,0,none,0,False,64595,9,0,23,9,0,0,296,6,0,9,0,08:46:31,Water,Grass,270
87,Run Away,0,8,0,0,2024-04-03,7,0,0,27,70,1,0,Flying,15,0,12,0,0,None,2,3,2438959451,251662335,0,15,3,3,17,Route 102,33,35,0,0,0,0,0,0,Poochyena,Adamant,0,2192337443,334756728,4,0,none,0,True,4,6,0,28,7,0,22,287,7,0,25,0,08:46:43,Dark,None,261
